Code,State,Day,Vaccinated
AL,Alabama,13/01/2021,5906
AL,Alabama,14/01/2021,7083
AL,Alabama,15/01/2021,7478
AL,Alabama,16/01/2021,7498
AL,Alabama,17/01/2021,7509
AL,Alabama,18/01/2021,7517
AL,Alabama,19/01/2021,7523
AL,Alabama,20/01/2021,7880
AL,Alabama,21/01/2021,10517
AL,Alabama,22/01/2021,14107
AL,Alabama,23/01/2021,16202
AL,Alabama,24/01/2021,18294
AL,Alabama,25/01/2021,18196
AL,Alabama,26/01/2021,17738
AL,Alabama,27/01/2021,18178
AL,Alabama,28/01/2021,16153
AL,Alabama,29/01/2021,14514
AL,Alabama,30/01/2021,17271
AL,Alabama,31/01/2021,15748
AL,Alabama,01/02/2021,15381
AL,Alabama,02/02/2021,16703
AL,Alabama,03/02/2021,17414
AL,Alabama,04/02/2021,18491
AL,Alabama,05/02/2021,18526
AL,Alabama,06/02/2021,16105
AL,Alabama,07/02/2021,15480
AL,Alabama,08/02/2021,15622
AL,Alabama,09/02/2021,17012
AL,Alabama,10/02/2021,18209
AL,Alabama,11/02/2021,19258
AL,Alabama,12/02/2021,20074
AL,Alabama,13/02/2021,20855
AL,Alabama,14/02/2021,21417
AL,Alabama,15/02/2021,22405
AL,Alabama,16/02/2021,20816
AL,Alabama,17/02/2021,19174
AL,Alabama,18/02/2021,18400
AL,Alabama,19/02/2021,24002
AL,Alabama,20/02/2021,25111
AL,Alabama,21/02/2021,25194
AL,Alabama,22/02/2021,24164
AL,Alabama,23/02/2021,25489
AL,Alabama,24/02/2021,27098
AL,Alabama,25/02/2021,27531
AL,Alabama,26/02/2021,22104
AL,Alabama,27/02/2021,22022
AL,Alabama,28/02/2021,21984
AL,Alabama,01/03/2021,22111
AL,Alabama,02/03/2021,22436
AL,Alabama,03/03/2021,22904
AL,Alabama,04/03/2021,23916
AL,Alabama,05/03/2021,24388
AL,Alabama,06/03/2021,24087
AL,Alabama,07/03/2021,23947
AL,Alabama,08/03/2021,24040
AL,Alabama,09/03/2021,24118
AL,Alabama,10/03/2021,24827
AL,Alabama,11/03/2021,25376
AL,Alabama,12/03/2021,26375
AL,Alabama,13/03/2021,26935
AL,Alabama,14/03/2021,26926
AL,Alabama,15/03/2021,27106
AL,Alabama,16/03/2021,27331
AK,Alaska,13/01/2021,2842
AK,Alaska,14/01/2021,3379
AK,Alaska,15/01/2021,4400
AK,Alaska,16/01/2021,4381
AK,Alaska,17/01/2021,4369
AK,Alaska,18/01/2021,4362
AK,Alaska,19/01/2021,4356
AK,Alaska,20/01/2021,4230
AK,Alaska,21/01/2021,4187
AK,Alaska,22/01/2021,4580
AK,Alaska,23/01/2021,4997
AK,Alaska,24/01/2021,5225
AK,Alaska,25/01/2021,5003
AK,Alaska,26/01/2021,4545
AK,Alaska,27/01/2021,4758
AK,Alaska,28/01/2021,4850
AK,Alaska,29/01/2021,4186
AK,Alaska,30/01/2021,3846
AK,Alaska,31/01/2021,3619
AK,Alaska,01/02/2021,3570
AK,Alaska,02/02/2021,3613
AK,Alaska,03/02/2021,3453
AK,Alaska,04/02/2021,3440
AK,Alaska,05/02/2021,3372
AK,Alaska,06/02/2021,3411
AK,Alaska,07/02/2021,3785
AK,Alaska,08/02/2021,4131
AK,Alaska,09/02/2021,4204
AK,Alaska,10/02/2021,4356
AK,Alaska,11/02/2021,4620
AK,Alaska,12/02/2021,4776
AK,Alaska,13/02/2021,5142
AK,Alaska,14/02/2021,5393
AK,Alaska,15/02/2021,5212
AK,Alaska,16/02/2021,5448
AK,Alaska,17/02/2021,5337
AK,Alaska,18/02/2021,5268
AK,Alaska,19/02/2021,6970
AK,Alaska,20/02/2021,7466
AK,Alaska,21/02/2021,7330
AK,Alaska,22/02/2021,7266
AK,Alaska,23/02/2021,6988
AK,Alaska,24/02/2021,7148
AK,Alaska,25/02/2021,7201
AK,Alaska,26/02/2021,5444
AK,Alaska,27/02/2021,4591
AK,Alaska,28/02/2021,4229
AK,Alaska,01/03/2021,4304
AK,Alaska,02/03/2021,4288
AK,Alaska,03/03/2021,4243
AK,Alaska,04/03/2021,3905
AK,Alaska,05/03/2021,3876
AK,Alaska,06/03/2021,4155
AK,Alaska,07/03/2021,4329
AK,Alaska,08/03/2021,4248
AK,Alaska,09/03/2021,4678
AK,Alaska,10/03/2021,4917
AK,Alaska,11/03/2021,5211
AK,Alaska,12/03/2021,5294
AK,Alaska,13/03/2021,5092
AK,Alaska,14/03/2021,5473
AK,Alaska,15/03/2021,5571
AK,Alaska,16/03/2021,5280
AZ,Arizona,13/01/2021,13390
AZ,Arizona,14/01/2021,16155
AZ,Arizona,15/01/2021,18577
AZ,Arizona,16/01/2021,18257
AZ,Arizona,17/01/2021,18065
AZ,Arizona,18/01/2021,17937
AZ,Arizona,19/01/2021,17846
AZ,Arizona,20/01/2021,18163
AZ,Arizona,21/01/2021,18605
AZ,Arizona,22/01/2021,18895
AZ,Arizona,23/01/2021,20939
AZ,Arizona,24/01/2021,22706
AZ,Arizona,25/01/2021,23526
AZ,Arizona,26/01/2021,23517
AZ,Arizona,27/01/2021,25196
AZ,Arizona,28/01/2021,26179
AZ,Arizona,29/01/2021,27393
AZ,Arizona,30/01/2021,28059
AZ,Arizona,31/01/2021,29069
AZ,Arizona,01/02/2021,29564
AZ,Arizona,02/02/2021,28681
AZ,Arizona,03/02/2021,28255
AZ,Arizona,04/02/2021,28424
AZ,Arizona,05/02/2021,28337
AZ,Arizona,06/02/2021,29917
AZ,Arizona,07/02/2021,30732
AZ,Arizona,08/02/2021,31487
AZ,Arizona,09/02/2021,33164
AZ,Arizona,10/02/2021,34531
AZ,Arizona,11/02/2021,36494
AZ,Arizona,12/02/2021,38691
AZ,Arizona,13/02/2021,39176
AZ,Arizona,14/02/2021,39989
AZ,Arizona,15/02/2021,40122
AZ,Arizona,16/02/2021,41539
AZ,Arizona,17/02/2021,38163
AZ,Arizona,18/02/2021,37314
AZ,Arizona,19/02/2021,55158
AZ,Arizona,20/02/2021,54896
AZ,Arizona,21/02/2021,54360
AZ,Arizona,22/02/2021,54958
AZ,Arizona,23/02/2021,53030
AZ,Arizona,24/02/2021,55863
AZ,Arizona,25/02/2021,57825
AZ,Arizona,26/02/2021,42127
AZ,Arizona,27/02/2021,43278
AZ,Arizona,28/02/2021,46110
AZ,Arizona,01/03/2021,48955
AZ,Arizona,02/03/2021,51993
AZ,Arizona,03/03/2021,53580
AZ,Arizona,04/03/2021,53198
AZ,Arizona,05/03/2021,52476
AZ,Arizona,06/03/2021,45071
AZ,Arizona,07/03/2021,52879
AZ,Arizona,08/03/2021,52280
AZ,Arizona,09/03/2021,50873
AZ,Arizona,10/03/2021,51794
AZ,Arizona,11/03/2021,52921
AZ,Arizona,12/03/2021,54235
AZ,Arizona,13/03/2021,62981
AZ,Arizona,14/03/2021,56433
AZ,Arizona,15/03/2021,55772
AZ,Arizona,16/03/2021,58490
AR,Arkansas,13/01/2021,53975
AR,Arkansas,14/01/2021,33718
AR,Arkansas,15/01/2021,25820
AR,Arkansas,16/01/2021,20865
AR,Arkansas,17/01/2021,17892
AR,Arkansas,18/01/2021,15910
AR,Arkansas,19/01/2021,14494
AR,Arkansas,20/01/2021,11208
AR,Arkansas,21/01/2021,9285
AR,Arkansas,22/01/2021,11905
AR,Arkansas,23/01/2021,11048
AR,Arkansas,24/01/2021,11986
AR,Arkansas,25/01/2021,12108
AR,Arkansas,26/01/2021,13422
AR,Arkansas,27/01/2021,11359
AR,Arkansas,28/01/2021,11359
AR,Arkansas,29/01/2021,9760
AR,Arkansas,30/01/2021,12425
AR,Arkansas,31/01/2021,12793
AR,Arkansas,01/02/2021,12876
AR,Arkansas,02/02/2021,11169
AR,Arkansas,03/02/2021,9946
AR,Arkansas,04/02/2021,12200
AR,Arkansas,05/02/2021,11597
AR,Arkansas,06/02/2021,12289
AR,Arkansas,07/02/2021,12807
AR,Arkansas,08/02/2021,12919
AR,Arkansas,09/02/2021,12808
AR,Arkansas,10/02/2021,13658
AR,Arkansas,11/02/2021,13225
AR,Arkansas,12/02/2021,13710
AR,Arkansas,13/02/2021,11816
AR,Arkansas,14/02/2021,11299
AR,Arkansas,15/02/2021,10903
AR,Arkansas,16/02/2021,11330
AR,Arkansas,17/02/2021,9842
AR,Arkansas,18/02/2021,8562
AR,Arkansas,19/02/2021,10018
AR,Arkansas,20/02/2021,9074
AR,Arkansas,21/02/2021,7990
AR,Arkansas,22/02/2021,8204
AR,Arkansas,23/02/2021,8108
AR,Arkansas,24/02/2021,9645
AR,Arkansas,25/02/2021,11688
AR,Arkansas,26/02/2021,11531
AR,Arkansas,27/02/2021,14537
AR,Arkansas,28/02/2021,17263
AR,Arkansas,01/03/2021,18023
AR,Arkansas,02/03/2021,18660
AR,Arkansas,03/03/2021,18995
AR,Arkansas,04/03/2021,18831
AR,Arkansas,05/03/2021,17967
AR,Arkansas,06/03/2021,17353
AR,Arkansas,07/03/2021,16564
AR,Arkansas,08/03/2021,15969
AR,Arkansas,09/03/2021,15991
AR,Arkansas,10/03/2021,15964
AR,Arkansas,11/03/2021,13675
AR,Arkansas,12/03/2021,16122
AR,Arkansas,13/03/2021,19784
AR,Arkansas,14/03/2021,16767
AR,Arkansas,15/03/2021,17033
AR,Arkansas,16/03/2021,16330
CA,California,13/01/2021,75188
CA,California,14/01/2021,79496
CA,California,15/01/2021,85553
CA,California,16/01/2021,88381
CA,California,17/01/2021,90079
CA,California,18/01/2021,91210
CA,California,19/01/2021,92018
CA,California,20/01/2021,91549
CA,California,21/01/2021,94083
CA,California,22/01/2021,104389
CA,California,23/01/2021,119770
CA,California,24/01/2021,133316
CA,California,25/01/2021,138153
CA,California,26/01/2021,140878
CA,California,27/01/2021,149620
CA,California,28/01/2021,159000
CA,California,29/01/2021,158126
CA,California,30/01/2021,155366
CA,California,31/01/2021,155063
CA,California,01/02/2021,160379
CA,California,02/02/2021,156749
CA,California,03/02/2021,155950
CA,California,04/02/2021,139561
CA,California,05/02/2021,144296
CA,California,06/02/2021,148831
CA,California,07/02/2021,171402
CA,California,08/02/2021,175654
CA,California,09/02/2021,177237
CA,California,10/02/2021,183712
CA,California,11/02/2021,201580
CA,California,12/02/2021,202925
CA,California,13/02/2021,203565
CA,California,14/02/2021,190746
CA,California,15/02/2021,190404
CA,California,16/02/2021,203788
CA,California,17/02/2021,195102
CA,California,18/02/2021,194468
CA,California,19/02/2021,231928
CA,California,20/02/2021,234166
CA,California,21/02/2021,233297
CA,California,22/02/2021,227005
CA,California,23/02/2021,216733
CA,California,24/02/2021,221857
CA,California,25/02/2021,223997
CA,California,26/02/2021,192335
CA,California,27/02/2021,194965
CA,California,28/02/2021,195368
CA,California,01/03/2021,214479
CA,California,02/03/2021,252715
CA,California,03/03/2021,265023
CA,California,04/03/2021,256584
CA,California,05/03/2021,251504
CA,California,06/03/2021,264079
CA,California,07/03/2021,259101
CA,California,08/03/2021,242771
CA,California,09/03/2021,204065
CA,California,10/03/2021,190191
CA,California,11/03/2021,194328
CA,California,12/03/2021,193794
CA,California,13/03/2021,209548
CA,California,14/03/2021,178375
CA,California,15/03/2021,214448
CA,California,16/03/2021,251553
CO,Colorado,13/01/2021,15237
CO,Colorado,14/01/2021,15139
CO,Colorado,15/01/2021,15935
CO,Colorado,16/01/2021,15580
CO,Colorado,17/01/2021,15367
CO,Colorado,18/01/2021,15225
CO,Colorado,19/01/2021,15123
CO,Colorado,20/01/2021,14396
CO,Colorado,21/01/2021,14070
CO,Colorado,22/01/2021,15007
CO,Colorado,23/01/2021,12934
CO,Colorado,24/01/2021,19033
CO,Colorado,25/01/2021,18872
CO,Colorado,26/01/2021,18208
CO,Colorado,27/01/2021,19156
CO,Colorado,28/01/2021,20359
CO,Colorado,29/01/2021,20657
CO,Colorado,30/01/2021,24010
CO,Colorado,31/01/2021,19248
CO,Colorado,01/02/2021,20272
CO,Colorado,02/02/2021,20514
CO,Colorado,03/02/2021,20371
CO,Colorado,04/02/2021,20460
CO,Colorado,05/02/2021,19975
CO,Colorado,06/02/2021,21358
CO,Colorado,07/02/2021,22952
CO,Colorado,08/02/2021,23168
CO,Colorado,09/02/2021,22316
CO,Colorado,10/02/2021,24274
CO,Colorado,11/02/2021,25169
CO,Colorado,12/02/2021,26131
CO,Colorado,13/02/2021,27246
CO,Colorado,14/02/2021,28130
CO,Colorado,15/02/2021,30249
CO,Colorado,16/02/2021,34720
CO,Colorado,17/02/2021,33875
CO,Colorado,18/02/2021,33990
CO,Colorado,19/02/2021,41118
CO,Colorado,20/02/2021,40331
CO,Colorado,21/02/2021,39336
CO,Colorado,22/02/2021,38285
CO,Colorado,23/02/2021,33267
CO,Colorado,24/02/2021,34876
CO,Colorado,25/02/2021,34456
CO,Colorado,26/02/2021,27248
CO,Colorado,27/02/2021,22403
CO,Colorado,28/02/2021,24202
CO,Colorado,01/03/2021,25887
CO,Colorado,02/03/2021,27913
CO,Colorado,03/03/2021,27679
CO,Colorado,04/03/2021,28668
CO,Colorado,05/03/2021,29383
CO,Colorado,06/03/2021,36492
CO,Colorado,07/03/2021,36417
CO,Colorado,08/03/2021,30650
CO,Colorado,09/03/2021,31695
CO,Colorado,10/03/2021,33203
CO,Colorado,11/03/2021,38451
CO,Colorado,12/03/2021,41169
CO,Colorado,13/03/2021,42625
CO,Colorado,14/03/2021,36020
CO,Colorado,15/03/2021,43751
CO,Colorado,16/03/2021,42517
CT,Connecticut,13/01/2021,10480
CT,Connecticut,14/01/2021,10251
CT,Connecticut,15/01/2021,11490
CT,Connecticut,16/01/2021,11346
CT,Connecticut,17/01/2021,11260
CT,Connecticut,18/01/2021,11202
CT,Connecticut,19/01/2021,11161
CT,Connecticut,20/01/2021,11609
CT,Connecticut,21/01/2021,13259
CT,Connecticut,22/01/2021,14511
CT,Connecticut,23/01/2021,15716
CT,Connecticut,24/01/2021,16292
CT,Connecticut,25/01/2021,16094
CT,Connecticut,26/01/2021,16160
CT,Connecticut,27/01/2021,16836
CT,Connecticut,28/01/2021,16636
CT,Connecticut,29/01/2021,16561
CT,Connecticut,30/01/2021,16342
CT,Connecticut,31/01/2021,16444
CT,Connecticut,01/02/2021,16856
CT,Connecticut,02/02/2021,16207
CT,Connecticut,03/02/2021,14860
CT,Connecticut,04/02/2021,14381
CT,Connecticut,05/02/2021,14140
CT,Connecticut,06/02/2021,14030
CT,Connecticut,07/02/2021,13871
CT,Connecticut,08/02/2021,13309
CT,Connecticut,09/02/2021,14033
CT,Connecticut,10/02/2021,15677
CT,Connecticut,11/02/2021,16918
CT,Connecticut,12/02/2021,17762
CT,Connecticut,13/02/2021,19338
CT,Connecticut,14/02/2021,20109
CT,Connecticut,15/02/2021,21501
CT,Connecticut,16/02/2021,22403
CT,Connecticut,17/02/2021,23349
CT,Connecticut,18/02/2021,23848
CT,Connecticut,19/02/2021,27991
CT,Connecticut,20/02/2021,27579
CT,Connecticut,21/02/2021,26547
CT,Connecticut,22/02/2021,27122
CT,Connecticut,23/02/2021,25963
CT,Connecticut,24/02/2021,24835
CT,Connecticut,25/02/2021,22680
CT,Connecticut,26/02/2021,18791
CT,Connecticut,27/02/2021,18913
CT,Connecticut,28/02/2021,20562
CT,Connecticut,01/03/2021,21218
CT,Connecticut,02/03/2021,21039
CT,Connecticut,03/03/2021,21335
CT,Connecticut,04/03/2021,23052
CT,Connecticut,05/03/2021,23909
CT,Connecticut,06/03/2021,25272
CT,Connecticut,07/03/2021,27307
CT,Connecticut,08/03/2021,28223
CT,Connecticut,09/03/2021,29362
CT,Connecticut,10/03/2021,30172
CT,Connecticut,11/03/2021,30998
CT,Connecticut,12/03/2021,31976
CT,Connecticut,13/03/2021,36344
CT,Connecticut,14/03/2021,30845
CT,Connecticut,15/03/2021,30511
CT,Connecticut,16/03/2021,30664
DE,Delaware,13/01/2021,2003
DE,Delaware,14/01/2021,2340
DE,Delaware,15/01/2021,1560
DE,Delaware,16/01/2021,1887
DE,Delaware,17/01/2021,2083
DE,Delaware,18/01/2021,2213
DE,Delaware,19/01/2021,2307
DE,Delaware,20/01/2021,2461
DE,Delaware,21/01/2021,2611
DE,Delaware,22/01/2021,3310
DE,Delaware,23/01/2021,3724
DE,Delaware,24/01/2021,3909
DE,Delaware,25/01/2021,3889
DE,Delaware,26/01/2021,3707
DE,Delaware,27/01/2021,4544
DE,Delaware,28/01/2021,4703
DE,Delaware,29/01/2021,4720
DE,Delaware,30/01/2021,4641
DE,Delaware,31/01/2021,5110
DE,Delaware,01/02/2021,5112
DE,Delaware,02/02/2021,5038
DE,Delaware,03/02/2021,4299
DE,Delaware,04/02/2021,4071
DE,Delaware,05/02/2021,3847
DE,Delaware,06/02/2021,3709
DE,Delaware,07/02/2021,3353
DE,Delaware,08/02/2021,3422
DE,Delaware,09/02/2021,3393
DE,Delaware,10/02/2021,3225
DE,Delaware,11/02/2021,3227
DE,Delaware,12/02/2021,3195
DE,Delaware,13/02/2021,3375
DE,Delaware,14/02/2021,3287
DE,Delaware,15/02/2021,3252
DE,Delaware,16/02/2021,3552
DE,Delaware,17/02/2021,3571
DE,Delaware,18/02/2021,3782
DE,Delaware,19/02/2021,5531
DE,Delaware,20/02/2021,5500
DE,Delaware,21/02/2021,4929
DE,Delaware,22/02/2021,4927
DE,Delaware,23/02/2021,4890
DE,Delaware,24/02/2021,4961
DE,Delaware,25/02/2021,5098
DE,Delaware,26/02/2021,4063
DE,Delaware,27/02/2021,4591
DE,Delaware,28/02/2021,5482
DE,Delaware,01/03/2021,5925
DE,Delaware,02/03/2021,5543
DE,Delaware,03/03/2021,6833
DE,Delaware,04/03/2021,7237
DE,Delaware,05/03/2021,7327
DE,Delaware,06/03/2021,7409
DE,Delaware,07/03/2021,8022
DE,Delaware,08/03/2021,7900
DE,Delaware,09/03/2021,8526
DE,Delaware,10/03/2021,6799
DE,Delaware,11/03/2021,7643
DE,Delaware,12/03/2021,7564
DE,Delaware,13/03/2021,7598
DE,Delaware,14/03/2021,6046
DE,Delaware,15/03/2021,7603
DE,Delaware,16/03/2021,7618
DC,District of Columbia,13/01/2021,3237
DC,District of Columbia,14/01/2021,3434
DC,District of Columbia,15/01/2021,3374
DC,District of Columbia,16/01/2021,3159
DC,District of Columbia,17/01/2021,3030
DC,District of Columbia,18/01/2021,2944
DC,District of Columbia,19/01/2021,2882
DC,District of Columbia,20/01/2021,2669
DC,District of Columbia,21/01/2021,2633
DC,District of Columbia,22/01/2021,2419
DC,District of Columbia,23/01/2021,2478
DC,District of Columbia,24/01/2021,2490
DC,District of Columbia,25/01/2021,2388
DC,District of Columbia,26/01/2021,2109
DC,District of Columbia,27/01/2021,2336
DC,District of Columbia,28/01/2021,2247
DC,District of Columbia,29/01/2021,2352
DC,District of Columbia,30/01/2021,2411
DC,District of Columbia,31/01/2021,2591
DC,District of Columbia,01/02/2021,2618
DC,District of Columbia,02/02/2021,2686
DC,District of Columbia,03/02/2021,2426
DC,District of Columbia,04/02/2021,3322
DC,District of Columbia,05/02/2021,3648
DC,District of Columbia,06/02/2021,3623
DC,District of Columbia,07/02/2021,3613
DC,District of Columbia,08/02/2021,3708
DC,District of Columbia,09/02/2021,3560
DC,District of Columbia,10/02/2021,3344
DC,District of Columbia,11/02/2021,2518
DC,District of Columbia,12/02/2021,2178
DC,District of Columbia,13/02/2021,2033
DC,District of Columbia,14/02/2021,2213
DC,District of Columbia,15/02/2021,2204
DC,District of Columbia,16/02/2021,2575
DC,District of Columbia,17/02/2021,2855
DC,District of Columbia,18/02/2021,2674
DC,District of Columbia,19/02/2021,6143
DC,District of Columbia,20/02/2021,6197
DC,District of Columbia,21/02/2021,5909
DC,District of Columbia,22/02/2021,5757
DC,District of Columbia,23/02/2021,5746
DC,District of Columbia,24/02/2021,5983
DC,District of Columbia,25/02/2021,6085
DC,District of Columbia,26/02/2021,2705
DC,District of Columbia,27/02/2021,3587
DC,District of Columbia,28/02/2021,4582
DC,District of Columbia,01/03/2021,4834
DC,District of Columbia,02/03/2021,4641
DC,District of Columbia,03/03/2021,4535
DC,District of Columbia,04/03/2021,4913
DC,District of Columbia,05/03/2021,5099
DC,District of Columbia,06/03/2021,5127
DC,District of Columbia,07/03/2021,4447
DC,District of Columbia,08/03/2021,4580
DC,District of Columbia,09/03/2021,4779
DC,District of Columbia,10/03/2021,5157
DC,District of Columbia,11/03/2021,5234
DC,District of Columbia,12/03/2021,5479
DC,District of Columbia,13/03/2021,5128
DC,District of Columbia,14/03/2021,5518
DC,District of Columbia,15/03/2021,5869
DC,District of Columbia,16/03/2021,5965
FL,Florida,13/01/2021,71958
FL,Florida,14/01/2021,70522
FL,Florida,15/01/2021,73214
FL,Florida,16/01/2021,75010
FL,Florida,17/01/2021,76089
FL,Florida,18/01/2021,76807
FL,Florida,19/01/2021,77321
FL,Florida,20/01/2021,76368
FL,Florida,21/01/2021,66499
FL,Florida,22/01/2021,65899
FL,Florida,23/01/2021,79360
FL,Florida,24/01/2021,75844
FL,Florida,25/01/2021,64359
FL,Florida,26/01/2021,57258
FL,Florida,27/01/2021,56074
FL,Florida,28/01/2021,66754
FL,Florida,29/01/2021,68838
FL,Florida,30/01/2021,57314
FL,Florida,31/01/2021,59262
FL,Florida,01/02/2021,65798
FL,Florida,02/02/2021,67522
FL,Florida,03/02/2021,71525
FL,Florida,04/02/2021,73786
FL,Florida,05/02/2021,66357
FL,Florida,06/02/2021,70806
FL,Florida,07/02/2021,92557
FL,Florida,08/02/2021,86021
FL,Florida,09/02/2021,97594
FL,Florida,10/02/2021,100338
FL,Florida,11/02/2021,104854
FL,Florida,12/02/2021,136471
FL,Florida,13/02/2021,137942
FL,Florida,14/02/2021,122904
FL,Florida,15/02/2021,132271
FL,Florida,16/02/2021,123957
FL,Florida,17/02/2021,123862
FL,Florida,18/02/2021,123071
FL,Florida,19/02/2021,140344
FL,Florida,20/02/2021,122067
FL,Florida,21/02/2021,131314
FL,Florida,22/02/2021,122457
FL,Florida,23/02/2021,115287
FL,Florida,24/02/2021,114305
FL,Florida,25/02/2021,112282
FL,Florida,26/02/2021,72297
FL,Florida,27/02/2021,88065
FL,Florida,28/02/2021,93910
FL,Florida,01/03/2021,93905
FL,Florida,02/03/2021,95984
FL,Florida,03/03/2021,94949
FL,Florida,04/03/2021,101286
FL,Florida,05/03/2021,106303
FL,Florida,06/03/2021,123715
FL,Florida,07/03/2021,122290
FL,Florida,08/03/2021,122410
FL,Florida,09/03/2021,126219
FL,Florida,10/03/2021,128975
FL,Florida,11/03/2021,145410
FL,Florida,12/03/2021,166386
FL,Florida,13/03/2021,188491
FL,Florida,14/03/2021,172548
FL,Florida,15/03/2021,173075
FL,Florida,16/03/2021,176638
GA,Georgia,13/01/2021,28185
GA,Georgia,14/01/2021,30367
GA,Georgia,15/01/2021,20245
GA,Georgia,16/01/2021,20248
GA,Georgia,17/01/2021,20250
GA,Georgia,18/01/2021,20251
GA,Georgia,19/01/2021,20252
GA,Georgia,20/01/2021,28327
GA,Georgia,21/01/2021,31794
GA,Georgia,22/01/2021,53169
GA,Georgia,23/01/2021,50358
GA,Georgia,24/01/2021,47464
GA,Georgia,25/01/2021,44570
GA,Georgia,26/01/2021,50893
GA,Georgia,27/01/2021,45117
GA,Georgia,28/01/2021,44336
GA,Georgia,29/01/2021,29544
GA,Georgia,30/01/2021,36097
GA,Georgia,31/01/2021,43160
GA,Georgia,01/02/2021,46636
GA,Georgia,02/02/2021,38782
GA,Georgia,03/02/2021,37453
GA,Georgia,04/02/2021,34833
GA,Georgia,05/02/2021,34476
GA,Georgia,06/02/2021,34588
GA,Georgia,07/02/2021,34263
GA,Georgia,08/02/2021,33889
GA,Georgia,09/02/2021,34269
GA,Georgia,10/02/2021,35545
GA,Georgia,11/02/2021,37854
GA,Georgia,12/02/2021,31628
GA,Georgia,13/02/2021,32847
GA,Georgia,14/02/2021,41671
GA,Georgia,15/02/2021,41120
GA,Georgia,16/02/2021,41927
GA,Georgia,17/02/2021,35656
GA,Georgia,18/02/2021,42314
GA,Georgia,19/02/2021,63968
GA,Georgia,20/02/2021,65423
GA,Georgia,21/02/2021,59020
GA,Georgia,22/02/2021,59729
GA,Georgia,23/02/2021,58141
GA,Georgia,24/02/2021,63689
GA,Georgia,25/02/2021,56090
GA,Georgia,26/02/2021,41854
GA,Georgia,27/02/2021,40474
GA,Georgia,28/02/2021,31656
GA,Georgia,01/03/2021,28421
GA,Georgia,02/03/2021,29231
GA,Georgia,03/03/2021,30608
GA,Georgia,04/03/2021,32206
GA,Georgia,05/03/2021,34177
GA,Georgia,06/03/2021,34002
GA,Georgia,07/03/2021,42017
GA,Georgia,08/03/2021,45624
GA,Georgia,09/03/2021,45880
GA,Georgia,10/03/2021,39354
GA,Georgia,11/03/2021,42373
GA,Georgia,12/03/2021,49346
GA,Georgia,13/03/2021,53327
GA,Georgia,14/03/2021,55396
GA,Georgia,15/03/2021,56869
GA,Georgia,16/03/2021,57724
HI,Hawaii,13/01/2021,3122
HI,Hawaii,14/01/2021,7251
HI,Hawaii,15/01/2021,4492
HI,Hawaii,16/01/2021,4431
HI,Hawaii,17/01/2021,4395
HI,Hawaii,18/01/2021,4370
HI,Hawaii,19/01/2021,4353
HI,Hawaii,20/01/2021,5048
HI,Hawaii,21/01/2021,4490
HI,Hawaii,22/01/2021,5405
HI,Hawaii,23/01/2021,4798
HI,Hawaii,24/01/2021,4191
HI,Hawaii,25/01/2021,4627
HI,Hawaii,26/01/2021,4258
HI,Hawaii,27/01/2021,3678
HI,Hawaii,28/01/2021,3504
HI,Hawaii,29/01/2021,3767
HI,Hawaii,30/01/2021,5101
HI,Hawaii,31/01/2021,6354
HI,Hawaii,01/02/2021,6249
HI,Hawaii,02/02/2021,6308
HI,Hawaii,03/02/2021,6571
HI,Hawaii,04/02/2021,6738
HI,Hawaii,05/02/2021,8364
HI,Hawaii,06/02/2021,8365
HI,Hawaii,07/02/2021,8254
HI,Hawaii,08/02/2021,8314
HI,Hawaii,09/02/2021,8017
HI,Hawaii,10/02/2021,7193
HI,Hawaii,11/02/2021,7073
HI,Hawaii,12/02/2021,5585
HI,Hawaii,13/02/2021,5532
HI,Hawaii,14/02/2021,5449
HI,Hawaii,15/02/2021,5306
HI,Hawaii,16/02/2021,6162
HI,Hawaii,17/02/2021,6669
HI,Hawaii,18/02/2021,6682
HI,Hawaii,19/02/2021,13223
HI,Hawaii,20/02/2021,13564
HI,Hawaii,21/02/2021,13968
HI,Hawaii,22/02/2021,14306
HI,Hawaii,23/02/2021,13775
HI,Hawaii,24/02/2021,14151
HI,Hawaii,25/02/2021,14501
HI,Hawaii,26/02/2021,8248
HI,Hawaii,27/02/2021,8288
HI,Hawaii,28/02/2021,8547
HI,Hawaii,01/03/2021,8332
HI,Hawaii,02/03/2021,8453
HI,Hawaii,03/03/2021,8489
HI,Hawaii,04/03/2021,8910
HI,Hawaii,05/03/2021,8984
HI,Hawaii,06/03/2021,9085
HI,Hawaii,07/03/2021,7605
HI,Hawaii,08/03/2021,9049
HI,Hawaii,09/03/2021,10190
HI,Hawaii,10/03/2021,10952
HI,Hawaii,11/03/2021,11146
HI,Hawaii,12/03/2021,11641
HI,Hawaii,13/03/2021,11817
HI,Hawaii,14/03/2021,13143
HI,Hawaii,15/03/2021,12178
HI,Hawaii,16/03/2021,11718
ID,Idaho,13/01/2021,3027
ID,Idaho,14/01/2021,3370
ID,Idaho,15/01/2021,3597
ID,Idaho,16/01/2021,3781
ID,Idaho,17/01/2021,3892
ID,Idaho,18/01/2021,3966
ID,Idaho,19/01/2021,4019
ID,Idaho,20/01/2021,4342
ID,Idaho,21/01/2021,4398
ID,Idaho,22/01/2021,4479
ID,Idaho,23/01/2021,4524
ID,Idaho,24/01/2021,4546
ID,Idaho,25/01/2021,4519
ID,Idaho,26/01/2021,4256
ID,Idaho,27/01/2021,3961
ID,Idaho,28/01/2021,4204
ID,Idaho,29/01/2021,4412
ID,Idaho,30/01/2021,4584
ID,Idaho,31/01/2021,4822
ID,Idaho,01/02/2021,4729
ID,Idaho,02/02/2021,4697
ID,Idaho,03/02/2021,5056
ID,Idaho,04/02/2021,5585
ID,Idaho,05/02/2021,7217
ID,Idaho,06/02/2021,8784
ID,Idaho,07/02/2021,9257
ID,Idaho,08/02/2021,10173
ID,Idaho,09/02/2021,10311
ID,Idaho,10/02/2021,10428
ID,Idaho,11/02/2021,10309
ID,Idaho,12/02/2021,7810
ID,Idaho,13/02/2021,6481
ID,Idaho,14/02/2021,8088
ID,Idaho,15/02/2021,8196
ID,Idaho,16/02/2021,9257
ID,Idaho,17/02/2021,9256
ID,Idaho,18/02/2021,9202
ID,Idaho,19/02/2021,12941
ID,Idaho,20/02/2021,13126
ID,Idaho,21/02/2021,12006
ID,Idaho,22/02/2021,11898
ID,Idaho,23/02/2021,10974
ID,Idaho,24/02/2021,10909
ID,Idaho,25/02/2021,11216
ID,Idaho,26/02/2021,8924
ID,Idaho,27/02/2021,9276
ID,Idaho,28/02/2021,9433
ID,Idaho,01/03/2021,9715
ID,Idaho,02/03/2021,9885
ID,Idaho,03/03/2021,10346
ID,Idaho,04/03/2021,10173
ID,Idaho,05/03/2021,10768
ID,Idaho,06/03/2021,11290
ID,Idaho,07/03/2021,11239
ID,Idaho,08/03/2021,11146
ID,Idaho,09/03/2021,11368
ID,Idaho,10/03/2021,11225
ID,Idaho,11/03/2021,11396
ID,Idaho,12/03/2021,11431
ID,Idaho,13/03/2021,11251
ID,Idaho,14/03/2021,11304
ID,Idaho,15/03/2021,11055
ID,Idaho,16/03/2021,10980
IL,Illinois,13/01/2021,18854
IL,Illinois,14/01/2021,28330
IL,Illinois,15/01/2021,30253
IL,Illinois,16/01/2021,28158
IL,Illinois,17/01/2021,26902
IL,Illinois,18/01/2021,26064
IL,Illinois,19/01/2021,25465
IL,Illinois,20/01/2021,24867
IL,Illinois,21/01/2021,23837
IL,Illinois,22/01/2021,24248
IL,Illinois,23/01/2021,27873
IL,Illinois,24/01/2021,31080
IL,Illinois,25/01/2021,31402
IL,Illinois,26/01/2021,30390
IL,Illinois,27/01/2021,32390
IL,Illinois,28/01/2021,36114
IL,Illinois,29/01/2021,39571
IL,Illinois,30/01/2021,42007
IL,Illinois,31/01/2021,44626
IL,Illinois,01/02/2021,47373
IL,Illinois,02/02/2021,47870
IL,Illinois,03/02/2021,48845
IL,Illinois,04/02/2021,50721
IL,Illinois,05/02/2021,51860
IL,Illinois,06/02/2021,54451
IL,Illinois,07/02/2021,55733
IL,Illinois,08/02/2021,57554
IL,Illinois,09/02/2021,57815
IL,Illinois,10/02/2021,61601
IL,Illinois,11/02/2021,60923
IL,Illinois,12/02/2021,61067
IL,Illinois,13/02/2021,63229
IL,Illinois,14/02/2021,64663
IL,Illinois,15/02/2021,63802
IL,Illinois,16/02/2021,68086
IL,Illinois,17/02/2021,65188
IL,Illinois,18/02/2021,61794
IL,Illinois,19/02/2021,71364
IL,Illinois,20/02/2021,69845
IL,Illinois,21/02/2021,69331
IL,Illinois,22/02/2021,64299
IL,Illinois,23/02/2021,65950
IL,Illinois,24/02/2021,66469
IL,Illinois,25/02/2021,68866
IL,Illinois,26/02/2021,66470
IL,Illinois,27/02/2021,67681
IL,Illinois,28/02/2021,69238
IL,Illinois,01/03/2021,78880
IL,Illinois,02/03/2021,77559
IL,Illinois,03/03/2021,80143
IL,Illinois,04/03/2021,84036
IL,Illinois,05/03/2021,80655
IL,Illinois,06/03/2021,86539
IL,Illinois,07/03/2021,92781
IL,Illinois,08/03/2021,95036
IL,Illinois,09/03/2021,91731
IL,Illinois,10/03/2021,92887
IL,Illinois,11/03/2021,95719
IL,Illinois,12/03/2021,102980
IL,Illinois,13/03/2021,122334
IL,Illinois,14/03/2021,103399
IL,Illinois,15/03/2021,103731
IL,Illinois,16/03/2021,111141
IN,Indiana,13/01/2021,19490
IN,Indiana,14/01/2021,20822
IN,Indiana,15/01/2021,22822
IN,Indiana,16/01/2021,21765
IN,Indiana,17/01/2021,21131
IN,Indiana,18/01/2021,20708
IN,Indiana,19/01/2021,20406
IN,Indiana,20/01/2021,20722
IN,Indiana,21/01/2021,21950
IN,Indiana,22/01/2021,21974
IN,Indiana,23/01/2021,23875
IN,Indiana,24/01/2021,21219
IN,Indiana,25/01/2021,25109
IN,Indiana,26/01/2021,23448
IN,Indiana,27/01/2021,23971
IN,Indiana,28/01/2021,23572
IN,Indiana,29/01/2021,23885
IN,Indiana,30/01/2021,23022
IN,Indiana,31/01/2021,23022
IN,Indiana,01/02/2021,16476
IN,Indiana,02/02/2021,16209
IN,Indiana,03/02/2021,16224
IN,Indiana,04/02/2021,17007
IN,Indiana,05/02/2021,18509
IN,Indiana,06/02/2021,20369
IN,Indiana,07/02/2021,20369
IN,Indiana,08/02/2021,20369
IN,Indiana,09/02/2021,21254
IN,Indiana,10/02/2021,22565
IN,Indiana,11/02/2021,22977
IN,Indiana,12/02/2021,23240
IN,Indiana,13/02/2021,38430
IN,Indiana,14/02/2021,44158
IN,Indiana,15/02/2021,46507
IN,Indiana,16/02/2021,47242
IN,Indiana,17/02/2021,45387
IN,Indiana,18/02/2021,41992
IN,Indiana,19/02/2021,45789
IN,Indiana,20/02/2021,30805
IN,Indiana,21/02/2021,30138
IN,Indiana,22/02/2021,31003
IN,Indiana,23/02/2021,29588
IN,Indiana,24/02/2021,35377
IN,Indiana,25/02/2021,47617
IN,Indiana,26/02/2021,44421
IN,Indiana,27/02/2021,45361
IN,Indiana,28/02/2021,45786
IN,Indiana,01/03/2021,46116
IN,Indiana,02/03/2021,46529
IN,Indiana,03/03/2021,42373
IN,Indiana,04/03/2021,34034
IN,Indiana,05/03/2021,34798
IN,Indiana,06/03/2021,35551
IN,Indiana,07/03/2021,36332
IN,Indiana,08/03/2021,37786
IN,Indiana,09/03/2021,38324
IN,Indiana,10/03/2021,39535
IN,Indiana,11/03/2021,40220
IN,Indiana,12/03/2021,40240
IN,Indiana,13/03/2021,46622
IN,Indiana,14/03/2021,40366
IN,Indiana,15/03/2021,40095
IN,Indiana,16/03/2021,39686
IA,Iowa,13/01/2021,13402
IA,Iowa,14/01/2021,6701
IA,Iowa,15/01/2021,7431
IA,Iowa,16/01/2021,7071
IA,Iowa,17/01/2021,6856
IA,Iowa,18/01/2021,6712
IA,Iowa,19/01/2021,6609
IA,Iowa,20/01/2021,5394
IA,Iowa,21/01/2021,6664
IA,Iowa,22/01/2021,7089
IA,Iowa,23/01/2021,7591
IA,Iowa,24/01/2021,8316
IA,Iowa,25/01/2021,8177
IA,Iowa,26/01/2021,7575
IA,Iowa,27/01/2021,7764
IA,Iowa,28/01/2021,7679
IA,Iowa,29/01/2021,7677
IA,Iowa,30/01/2021,8252
IA,Iowa,31/01/2021,8717
IA,Iowa,01/02/2021,8752
IA,Iowa,02/02/2021,8791
IA,Iowa,03/02/2021,8940
IA,Iowa,04/02/2021,9536
IA,Iowa,05/02/2021,9861
IA,Iowa,06/02/2021,10093
IA,Iowa,07/02/2021,10887
IA,Iowa,08/02/2021,12555
IA,Iowa,09/02/2021,13183
IA,Iowa,10/02/2021,14569
IA,Iowa,11/02/2021,15445
IA,Iowa,12/02/2021,16457
IA,Iowa,13/02/2021,17707
IA,Iowa,14/02/2021,18300
IA,Iowa,15/02/2021,17966
IA,Iowa,16/02/2021,19130
IA,Iowa,17/02/2021,18104
IA,Iowa,18/02/2021,17183
IA,Iowa,19/02/2021,20590
IA,Iowa,20/02/2021,20700
IA,Iowa,21/02/2021,20425
IA,Iowa,22/02/2021,20011
IA,Iowa,23/02/2021,18460
IA,Iowa,24/02/2021,18033
IA,Iowa,25/02/2021,17644
IA,Iowa,26/02/2021,14481
IA,Iowa,27/02/2021,15317
IA,Iowa,28/02/2021,16224
IA,Iowa,01/03/2021,17665
IA,Iowa,02/03/2021,17969
IA,Iowa,03/03/2021,18878
IA,Iowa,04/03/2021,20308
IA,Iowa,05/03/2021,21006
IA,Iowa,06/03/2021,25236
IA,Iowa,07/03/2021,27631
IA,Iowa,08/03/2021,29315
IA,Iowa,09/03/2021,30238
IA,Iowa,10/03/2021,30860
IA,Iowa,11/03/2021,32297
IA,Iowa,12/03/2021,33312
IA,Iowa,13/03/2021,36182
IA,Iowa,14/03/2021,29727
IA,Iowa,15/03/2021,29290
IA,Iowa,16/03/2021,28947
KS,Kansas,13/01/2021,7382
KS,Kansas,14/01/2021,6648
KS,Kansas,15/01/2021,6504
KS,Kansas,16/01/2021,6169
KS,Kansas,17/01/2021,5968
KS,Kansas,18/01/2021,5834
KS,Kansas,19/01/2021,5738
KS,Kansas,20/01/2021,5294
KS,Kansas,21/01/2021,5553
KS,Kansas,22/01/2021,5616
KS,Kansas,23/01/2021,5995
KS,Kansas,24/01/2021,6163
KS,Kansas,25/01/2021,5921
KS,Kansas,26/01/2021,5758
KS,Kansas,27/01/2021,6527
KS,Kansas,28/01/2021,8552
KS,Kansas,29/01/2021,7635
KS,Kansas,30/01/2021,8802
KS,Kansas,31/01/2021,10031
KS,Kansas,01/02/2021,10311
KS,Kansas,02/02/2021,10351
KS,Kansas,03/02/2021,10395
KS,Kansas,04/02/2021,8732
KS,Kansas,05/02/2021,10441
KS,Kansas,06/02/2021,10533
KS,Kansas,07/02/2021,10688
KS,Kansas,08/02/2021,10886
KS,Kansas,09/02/2021,10625
KS,Kansas,10/02/2021,11215
KS,Kansas,11/02/2021,11643
KS,Kansas,12/02/2021,12445
KS,Kansas,13/02/2021,12520
KS,Kansas,14/02/2021,13386
KS,Kansas,15/02/2021,12932
KS,Kansas,16/02/2021,13096
KS,Kansas,17/02/2021,12215
KS,Kansas,18/02/2021,12129
KS,Kansas,19/02/2021,16568
KS,Kansas,20/02/2021,17264
KS,Kansas,21/02/2021,17050
KS,Kansas,22/02/2021,17302
KS,Kansas,23/02/2021,17162
KS,Kansas,24/02/2021,17963
KS,Kansas,25/02/2021,17801
KS,Kansas,26/02/2021,13437
KS,Kansas,27/02/2021,13537
KS,Kansas,28/02/2021,14348
KS,Kansas,01/03/2021,15173
KS,Kansas,02/03/2021,16024
KS,Kansas,03/03/2021,16288
KS,Kansas,04/03/2021,16959
KS,Kansas,05/03/2021,17467
KS,Kansas,06/03/2021,17771
KS,Kansas,07/03/2021,17796
KS,Kansas,08/03/2021,17429
KS,Kansas,09/03/2021,17443
KS,Kansas,10/03/2021,17816
KS,Kansas,11/03/2021,19300
KS,Kansas,12/03/2021,23459
KS,Kansas,13/03/2021,20392
KS,Kansas,14/03/2021,23738
KS,Kansas,15/03/2021,23805
KS,Kansas,16/03/2021,23636
KY,Kentucky,13/01/2021,10322
KY,Kentucky,14/01/2021,11750
KY,Kentucky,15/01/2021,14211
KY,Kentucky,16/01/2021,13239
KY,Kentucky,17/01/2021,12656
KY,Kentucky,18/01/2021,12267
KY,Kentucky,19/01/2021,11989
KY,Kentucky,20/01/2021,11644
KY,Kentucky,21/01/2021,11361
KY,Kentucky,22/01/2021,11342
KY,Kentucky,23/01/2021,12270
KY,Kentucky,24/01/2021,14871
KY,Kentucky,25/01/2021,14535
KY,Kentucky,26/01/2021,13736
KY,Kentucky,27/01/2021,14189
KY,Kentucky,28/01/2021,15294
KY,Kentucky,29/01/2021,16071
KY,Kentucky,30/01/2021,16434
KY,Kentucky,31/01/2021,15030
KY,Kentucky,01/02/2021,15440
KY,Kentucky,02/02/2021,15339
KY,Kentucky,03/02/2021,16019
KY,Kentucky,04/02/2021,16226
KY,Kentucky,05/02/2021,16733
KY,Kentucky,06/02/2021,18738
KY,Kentucky,07/02/2021,20520
KY,Kentucky,08/02/2021,21305
KY,Kentucky,09/02/2021,21299
KY,Kentucky,10/02/2021,21364
KY,Kentucky,11/02/2021,21774
KY,Kentucky,12/02/2021,21820
KY,Kentucky,13/02/2021,18949
KY,Kentucky,14/02/2021,18632
KY,Kentucky,15/02/2021,18642
KY,Kentucky,16/02/2021,20419
KY,Kentucky,17/02/2021,19273
KY,Kentucky,18/02/2021,16853
KY,Kentucky,19/02/2021,20370
KY,Kentucky,20/02/2021,21020
KY,Kentucky,21/02/2021,20748
KY,Kentucky,22/02/2021,20619
KY,Kentucky,23/02/2021,19979
KY,Kentucky,24/02/2021,22140
KY,Kentucky,25/02/2021,25953
KY,Kentucky,26/02/2021,23723
KY,Kentucky,27/02/2021,26254
KY,Kentucky,28/02/2021,28005
KY,Kentucky,01/03/2021,29618
KY,Kentucky,02/03/2021,29971
KY,Kentucky,03/03/2021,29627
KY,Kentucky,04/03/2021,29933
KY,Kentucky,05/03/2021,31075
KY,Kentucky,06/03/2021,32688
KY,Kentucky,07/03/2021,33445
KY,Kentucky,08/03/2021,33861
KY,Kentucky,09/03/2021,33230
KY,Kentucky,10/03/2021,33797
KY,Kentucky,11/03/2021,34243
KY,Kentucky,12/03/2021,34069
KY,Kentucky,13/03/2021,40384
KY,Kentucky,14/03/2021,34676
KY,Kentucky,15/03/2021,35519
KY,Kentucky,16/03/2021,36245
LA,Louisiana,13/01/2021,13415
LA,Louisiana,14/01/2021,16520
LA,Louisiana,15/01/2021,18399
LA,Louisiana,16/01/2021,17400
LA,Louisiana,17/01/2021,16802
LA,Louisiana,18/01/2021,16402
LA,Louisiana,19/01/2021,16117
LA,Louisiana,20/01/2021,15459
LA,Louisiana,21/01/2021,14798
LA,Louisiana,22/01/2021,14241
LA,Louisiana,23/01/2021,14664
LA,Louisiana,24/01/2021,15330
LA,Louisiana,25/01/2021,14323
LA,Louisiana,26/01/2021,12869
LA,Louisiana,27/01/2021,13478
LA,Louisiana,28/01/2021,13785
LA,Louisiana,29/01/2021,14380
LA,Louisiana,30/01/2021,15126
LA,Louisiana,31/01/2021,15661
LA,Louisiana,01/02/2021,17390
LA,Louisiana,02/02/2021,18620
LA,Louisiana,03/02/2021,18602
LA,Louisiana,04/02/2021,19155
LA,Louisiana,05/02/2021,19727
LA,Louisiana,06/02/2021,21403
LA,Louisiana,07/02/2021,22318
LA,Louisiana,08/02/2021,21552
LA,Louisiana,09/02/2021,20531
LA,Louisiana,10/02/2021,21437
LA,Louisiana,11/02/2021,18434
LA,Louisiana,12/02/2021,23529
LA,Louisiana,13/02/2021,23556
LA,Louisiana,14/02/2021,24173
LA,Louisiana,15/02/2021,23289
LA,Louisiana,16/02/2021,23607
LA,Louisiana,17/02/2021,21794
LA,Louisiana,18/02/2021,22356
LA,Louisiana,19/02/2021,22636
LA,Louisiana,20/02/2021,20294
LA,Louisiana,21/02/2021,17909
LA,Louisiana,22/02/2021,18023
LA,Louisiana,23/02/2021,17480
LA,Louisiana,24/02/2021,18460
LA,Louisiana,25/02/2021,21130
LA,Louisiana,26/02/2021,16953
LA,Louisiana,27/02/2021,20243
LA,Louisiana,28/02/2021,23208
LA,Louisiana,01/03/2021,24764
LA,Louisiana,02/03/2021,25309
LA,Louisiana,03/03/2021,26690
LA,Louisiana,04/03/2021,27950
LA,Louisiana,05/03/2021,28701
LA,Louisiana,06/03/2021,22933
LA,Louisiana,07/03/2021,17710
LA,Louisiana,08/03/2021,28759
LA,Louisiana,09/03/2021,28836
LA,Louisiana,10/03/2021,28808
LA,Louisiana,11/03/2021,28794
LA,Louisiana,12/03/2021,28694
LA,Louisiana,13/03/2021,40621
LA,Louisiana,14/03/2021,40490
LA,Louisiana,15/03/2021,29510
LA,Louisiana,16/03/2021,29733
ME,Maine,13/01/2021,2303
ME,Maine,14/01/2021,3092
ME,Maine,15/01/2021,2061
ME,Maine,16/01/2021,2349
ME,Maine,17/01/2021,2522
ME,Maine,18/01/2021,2637
ME,Maine,19/01/2021,2719
ME,Maine,20/01/2021,2703
ME,Maine,21/01/2021,2768
ME,Maine,22/01/2021,3609
ME,Maine,23/01/2021,4095
ME,Maine,24/01/2021,4609
ME,Maine,25/01/2021,4758
ME,Maine,26/01/2021,4421
ME,Maine,27/01/2021,4717
ME,Maine,28/01/2021,4956
ME,Maine,29/01/2021,5259
ME,Maine,30/01/2021,5581
ME,Maine,31/01/2021,5791
ME,Maine,01/02/2021,5960
ME,Maine,02/02/2021,5837
ME,Maine,03/02/2021,5229
ME,Maine,04/02/2021,5464
ME,Maine,05/02/2021,5147
ME,Maine,06/02/2021,5223
ME,Maine,07/02/2021,5442
ME,Maine,08/02/2021,4666
ME,Maine,09/02/2021,5961
ME,Maine,10/02/2021,6780
ME,Maine,11/02/2021,5687
ME,Maine,12/02/2021,4859
ME,Maine,13/02/2021,3517
ME,Maine,14/02/2021,2114
ME,Maine,15/02/2021,5320
ME,Maine,16/02/2021,7232
ME,Maine,17/02/2021,7028
ME,Maine,18/02/2021,7028
ME,Maine,19/02/2021,10702
ME,Maine,20/02/2021,10725
ME,Maine,21/02/2021,10778
ME,Maine,22/02/2021,11632
ME,Maine,23/02/2021,8756
ME,Maine,24/02/2021,8988
ME,Maine,25/02/2021,8993
ME,Maine,26/02/2021,5331
ME,Maine,27/02/2021,9148
ME,Maine,28/02/2021,9187
ME,Maine,01/03/2021,5270
ME,Maine,02/03/2021,4985
ME,Maine,03/03/2021,4155
ME,Maine,04/03/2021,4162
ME,Maine,05/03/2021,10949
ME,Maine,06/03/2021,9450
ME,Maine,07/03/2021,9505
ME,Maine,08/03/2021,13348
ME,Maine,09/03/2021,13985
ME,Maine,10/03/2021,15285
ME,Maine,11/03/2021,15438
ME,Maine,12/03/2021,13488
ME,Maine,13/03/2021,11286
ME,Maine,14/03/2021,15838
ME,Maine,15/03/2021,13689
ME,Maine,16/03/2021,13699
MD,Maryland,13/01/2021,31825
MD,Maryland,14/01/2021,15912
MD,Maryland,15/01/2021,16158
MD,Maryland,16/01/2021,15424
MD,Maryland,17/01/2021,14984
MD,Maryland,18/01/2021,14690
MD,Maryland,19/01/2021,14481
MD,Maryland,20/01/2021,11441
MD,Maryland,21/01/2021,13407
MD,Maryland,22/01/2021,13258
MD,Maryland,23/01/2021,14212
MD,Maryland,24/01/2021,16770
MD,Maryland,25/01/2021,16637
MD,Maryland,26/01/2021,16846
MD,Maryland,27/01/2021,18730
MD,Maryland,28/01/2021,20043
MD,Maryland,29/01/2021,22150
MD,Maryland,30/01/2021,24053
MD,Maryland,31/01/2021,23844
MD,Maryland,01/02/2021,25352
MD,Maryland,02/02/2021,24503
MD,Maryland,03/02/2021,22451
MD,Maryland,04/02/2021,21945
MD,Maryland,05/02/2021,21726
MD,Maryland,06/02/2021,21580
MD,Maryland,07/02/2021,22796
MD,Maryland,08/02/2021,22143
MD,Maryland,09/02/2021,22275
MD,Maryland,10/02/2021,24964
MD,Maryland,11/02/2021,25665
MD,Maryland,12/02/2021,26306
MD,Maryland,13/02/2021,26485
MD,Maryland,14/02/2021,26567
MD,Maryland,15/02/2021,26595
MD,Maryland,16/02/2021,27854
MD,Maryland,17/02/2021,26002
MD,Maryland,18/02/2021,26441
MD,Maryland,19/02/2021,33219
MD,Maryland,20/02/2021,34605
MD,Maryland,21/02/2021,33824
MD,Maryland,22/02/2021,34580
MD,Maryland,23/02/2021,34934
MD,Maryland,24/02/2021,36687
MD,Maryland,25/02/2021,38368
MD,Maryland,26/02/2021,32617
MD,Maryland,27/02/2021,32315
MD,Maryland,28/02/2021,34031
MD,Maryland,01/03/2021,36088
MD,Maryland,02/03/2021,36841
MD,Maryland,03/03/2021,42073
MD,Maryland,04/03/2021,42628
MD,Maryland,05/03/2021,44105
MD,Maryland,06/03/2021,46529
MD,Maryland,07/03/2021,45662
MD,Maryland,08/03/2021,43948
MD,Maryland,09/03/2021,46381
MD,Maryland,10/03/2021,43798
MD,Maryland,11/03/2021,44967
MD,Maryland,12/03/2021,44438
MD,Maryland,13/03/2021,45112
MD,Maryland,14/03/2021,45196
MD,Maryland,15/03/2021,45630
MD,Maryland,16/03/2021,45485
MA,Massachusetts,13/01/2021,13361
MA,Massachusetts,14/01/2021,14697
MA,Massachusetts,15/01/2021,17698
MA,Massachusetts,16/01/2021,17130
MA,Massachusetts,17/01/2021,16789
MA,Massachusetts,18/01/2021,16562
MA,Massachusetts,19/01/2021,16399
MA,Massachusetts,20/01/2021,16150
MA,Massachusetts,21/01/2021,17092
MA,Massachusetts,22/01/2021,16207
MA,Massachusetts,23/01/2021,17195
MA,Massachusetts,24/01/2021,18826
MA,Massachusetts,25/01/2021,18595
MA,Massachusetts,26/01/2021,17689
MA,Massachusetts,27/01/2021,19112
MA,Massachusetts,28/01/2021,19602
MA,Massachusetts,29/01/2021,21411
MA,Massachusetts,30/01/2021,22016
MA,Massachusetts,31/01/2021,22768
MA,Massachusetts,01/02/2021,25047
MA,Massachusetts,02/02/2021,26111
MA,Massachusetts,03/02/2021,23029
MA,Massachusetts,04/02/2021,23228
MA,Massachusetts,05/02/2021,23510
MA,Massachusetts,06/02/2021,25720
MA,Massachusetts,07/02/2021,28727
MA,Massachusetts,08/02/2021,28204
MA,Massachusetts,09/02/2021,29538
MA,Massachusetts,10/02/2021,36924
MA,Massachusetts,11/02/2021,38812
MA,Massachusetts,12/02/2021,39662
MA,Massachusetts,13/02/2021,40349
MA,Massachusetts,14/02/2021,43617
MA,Massachusetts,15/02/2021,44264
MA,Massachusetts,16/02/2021,44945
MA,Massachusetts,17/02/2021,40922
MA,Massachusetts,18/02/2021,41458
MA,Massachusetts,19/02/2021,50527
MA,Massachusetts,20/02/2021,52268
MA,Massachusetts,21/02/2021,48704
MA,Massachusetts,22/02/2021,50396
MA,Massachusetts,23/02/2021,50460
MA,Massachusetts,24/02/2021,51877
MA,Massachusetts,25/02/2021,51691
MA,Massachusetts,26/02/2021,44151
MA,Massachusetts,27/02/2021,44129
MA,Massachusetts,28/02/2021,44201
MA,Massachusetts,01/03/2021,47791
MA,Massachusetts,02/03/2021,48248
MA,Massachusetts,03/03/2021,50086
MA,Massachusetts,04/03/2021,52052
MA,Massachusetts,05/03/2021,54321
MA,Massachusetts,06/03/2021,56816
MA,Massachusetts,07/03/2021,58920
MA,Massachusetts,08/03/2021,56508
MA,Massachusetts,09/03/2021,55479
MA,Massachusetts,10/03/2021,61397
MA,Massachusetts,11/03/2021,62186
MA,Massachusetts,12/03/2021,62530
MA,Massachusetts,13/03/2021,68528
MA,Massachusetts,14/03/2021,59056
MA,Massachusetts,15/03/2021,60226
MA,Massachusetts,16/03/2021,58190
MI,Michigan,13/01/2021,63834
MI,Michigan,14/01/2021,49775
MI,Michigan,15/01/2021,45499
MI,Michigan,16/01/2021,41587
MI,Michigan,17/01/2021,39240
MI,Michigan,18/01/2021,37676
MI,Michigan,19/01/2021,36558
MI,Michigan,20/01/2021,31013
MI,Michigan,21/01/2021,31658
MI,Michigan,22/01/2021,33039
MI,Michigan,23/01/2021,36947
MI,Michigan,24/01/2021,38769
MI,Michigan,25/01/2021,39100
MI,Michigan,26/01/2021,36954
MI,Michigan,27/01/2021,37632
MI,Michigan,28/01/2021,37939
MI,Michigan,29/01/2021,38744
MI,Michigan,30/01/2021,38537
MI,Michigan,31/01/2021,40251
MI,Michigan,01/02/2021,39730
MI,Michigan,02/02/2021,39030
MI,Michigan,03/02/2021,38605
MI,Michigan,04/02/2021,37770
MI,Michigan,05/02/2021,38216
MI,Michigan,06/02/2021,38680
MI,Michigan,07/02/2021,39273
MI,Michigan,08/02/2021,39547
MI,Michigan,09/02/2021,42057
MI,Michigan,10/02/2021,45237
MI,Michigan,11/02/2021,47606
MI,Michigan,12/02/2021,47350
MI,Michigan,13/02/2021,49239
MI,Michigan,14/02/2021,50433
MI,Michigan,15/02/2021,49802
MI,Michigan,16/02/2021,49589
MI,Michigan,17/02/2021,45997
MI,Michigan,18/02/2021,43820
MI,Michigan,19/02/2021,52608
MI,Michigan,20/02/2021,49455
MI,Michigan,21/02/2021,46954
MI,Michigan,22/02/2021,48744
MI,Michigan,23/02/2021,46929
MI,Michigan,24/02/2021,51942
MI,Michigan,25/02/2021,54903
MI,Michigan,26/02/2021,47438
MI,Michigan,27/02/2021,51665
MI,Michigan,28/02/2021,54967
MI,Michigan,01/03/2021,55008
MI,Michigan,02/03/2021,57718
MI,Michigan,03/03/2021,54200
MI,Michigan,04/03/2021,53383
MI,Michigan,05/03/2021,55595
MI,Michigan,06/03/2021,55951
MI,Michigan,07/03/2021,56925
MI,Michigan,08/03/2021,58331
MI,Michigan,09/03/2021,56822
MI,Michigan,10/03/2021,58203
MI,Michigan,11/03/2021,60359
MI,Michigan,12/03/2021,61128
MI,Michigan,13/03/2021,62789
MI,Michigan,14/03/2021,64172
MI,Michigan,15/03/2021,57787
MI,Michigan,16/03/2021,65473
MN,Minnesota,13/01/2021,3115
MN,Minnesota,14/01/2021,8722
MN,Minnesota,15/01/2021,12004
MN,Minnesota,16/01/2021,12333
MN,Minnesota,17/01/2021,12531
MN,Minnesota,18/01/2021,12662
MN,Minnesota,19/01/2021,12756
MN,Minnesota,20/01/2021,12456
MN,Minnesota,21/01/2021,11390
MN,Minnesota,22/01/2021,11426
MN,Minnesota,23/01/2021,13389
MN,Minnesota,24/01/2021,13755
MN,Minnesota,25/01/2021,15521
MN,Minnesota,26/01/2021,15558
MN,Minnesota,27/01/2021,17550
MN,Minnesota,28/01/2021,20603
MN,Minnesota,29/01/2021,23159
MN,Minnesota,30/01/2021,25793
MN,Minnesota,31/01/2021,28223
MN,Minnesota,01/02/2021,28495
MN,Minnesota,02/02/2021,27466
MN,Minnesota,03/02/2021,25329
MN,Minnesota,04/02/2021,32973
MN,Minnesota,05/02/2021,27729
MN,Minnesota,06/02/2021,31074
MN,Minnesota,07/02/2021,30049
MN,Minnesota,08/02/2021,28423
MN,Minnesota,09/02/2021,27513
MN,Minnesota,10/02/2021,27513
MN,Minnesota,11/02/2021,17116
MN,Minnesota,12/02/2021,21793
MN,Minnesota,13/02/2021,18302
MN,Minnesota,14/02/2021,20236
MN,Minnesota,15/02/2021,20646
MN,Minnesota,16/02/2021,23369
MN,Minnesota,17/02/2021,25699
MN,Minnesota,18/02/2021,29002
MN,Minnesota,19/02/2021,37825
MN,Minnesota,20/02/2021,37976
MN,Minnesota,21/02/2021,38014
MN,Minnesota,22/02/2021,35500
MN,Minnesota,23/02/2021,37341
MN,Minnesota,24/02/2021,37703
MN,Minnesota,25/02/2021,37361
MN,Minnesota,26/02/2021,29997
MN,Minnesota,27/02/2021,32139
MN,Minnesota,28/02/2021,36735
MN,Minnesota,01/03/2021,41617
MN,Minnesota,02/03/2021,39088
MN,Minnesota,03/03/2021,41205
MN,Minnesota,04/03/2021,42011
MN,Minnesota,05/03/2021,42969
MN,Minnesota,06/03/2021,43673
MN,Minnesota,07/03/2021,41066
MN,Minnesota,08/03/2021,42289
MN,Minnesota,09/03/2021,43302
MN,Minnesota,10/03/2021,42062
MN,Minnesota,11/03/2021,44388
MN,Minnesota,12/03/2021,44590
MN,Minnesota,13/03/2021,53259
MN,Minnesota,14/03/2021,45642
MN,Minnesota,15/03/2021,44532
MN,Minnesota,16/03/2021,42737
MS,Mississippi,13/01/2021,6745
MS,Mississippi,14/01/2021,8652
MS,Mississippi,15/01/2021,9928
MS,Mississippi,16/01/2021,9274
MS,Mississippi,17/01/2021,8881
MS,Mississippi,18/01/2021,8620
MS,Mississippi,19/01/2021,8433
MS,Mississippi,20/01/2021,8757
MS,Mississippi,21/01/2021,9263
MS,Mississippi,22/01/2021,9457
MS,Mississippi,23/01/2021,8412
MS,Mississippi,24/01/2021,11241
MS,Mississippi,25/01/2021,10671
MS,Mississippi,26/01/2021,9777
MS,Mississippi,27/01/2021,9665
MS,Mississippi,28/01/2021,9222
MS,Mississippi,29/01/2021,8889
MS,Mississippi,30/01/2021,10280
MS,Mississippi,31/01/2021,8395
MS,Mississippi,01/02/2021,8271
MS,Mississippi,02/02/2021,8302
MS,Mississippi,03/02/2021,8667
MS,Mississippi,04/02/2021,7094
MS,Mississippi,05/02/2021,9019
MS,Mississippi,06/02/2021,11140
MS,Mississippi,07/02/2021,12090
MS,Mississippi,08/02/2021,12653
MS,Mississippi,09/02/2021,12708
MS,Mississippi,10/02/2021,13515
MS,Mississippi,11/02/2021,16356
MS,Mississippi,12/02/2021,15778
MS,Mississippi,13/02/2021,15323
MS,Mississippi,14/02/2021,15167
MS,Mississippi,15/02/2021,15050
MS,Mississippi,16/02/2021,15612
MS,Mississippi,17/02/2021,13265
MS,Mississippi,18/02/2021,10423
MS,Mississippi,19/02/2021,12567
MS,Mississippi,20/02/2021,10529
MS,Mississippi,21/02/2021,9131
MS,Mississippi,22/02/2021,9468
MS,Mississippi,23/02/2021,9613
MS,Mississippi,24/02/2021,12443
MS,Mississippi,25/02/2021,12517
MS,Mississippi,26/02/2021,13282
MS,Mississippi,27/02/2021,16004
MS,Mississippi,28/02/2021,18305
MS,Mississippi,01/03/2021,19723
MS,Mississippi,02/03/2021,20112
MS,Mississippi,03/03/2021,20044
MS,Mississippi,04/03/2021,22804
MS,Mississippi,05/03/2021,20469
MS,Mississippi,06/03/2021,20482
MS,Mississippi,07/03/2021,20778
MS,Mississippi,08/03/2021,19879
MS,Mississippi,09/03/2021,19173
MS,Mississippi,10/03/2021,19362
MS,Mississippi,11/03/2021,19713
MS,Mississippi,12/03/2021,16281
MS,Mississippi,13/03/2021,22880
MS,Mississippi,14/03/2021,18898
MS,Mississippi,15/03/2021,18256
MS,Mississippi,16/03/2021,17927
MO,Missouri,13/01/2021,0
MO,Missouri,14/01/2021,6765
MO,Missouri,15/01/2021,9554
MO,Missouri,16/01/2021,10029
MO,Missouri,17/01/2021,10313
MO,Missouri,18/01/2021,10503
MO,Missouri,19/01/2021,10639
MO,Missouri,20/01/2021,11813
MO,Missouri,21/01/2021,12867
MO,Missouri,22/01/2021,13607
MO,Missouri,23/01/2021,12832
MO,Missouri,24/01/2021,14912
MO,Missouri,25/01/2021,15842
MO,Missouri,26/01/2021,14860
MO,Missouri,27/01/2021,16239
MO,Missouri,28/01/2021,16739
MO,Missouri,29/01/2021,17535
MO,Missouri,30/01/2021,16674
MO,Missouri,31/01/2021,18092
MO,Missouri,01/02/2021,18072
MO,Missouri,02/02/2021,18019
MO,Missouri,03/02/2021,17709
MO,Missouri,04/02/2021,17522
MO,Missouri,05/02/2021,18250
MO,Missouri,06/02/2021,25073
MO,Missouri,07/02/2021,25824
MO,Missouri,08/02/2021,25891
MO,Missouri,09/02/2021,25780
MO,Missouri,10/02/2021,26792
MO,Missouri,11/02/2021,27112
MO,Missouri,12/02/2021,25899
MO,Missouri,13/02/2021,31850
MO,Missouri,14/02/2021,31839
MO,Missouri,15/02/2021,31435
MO,Missouri,16/02/2021,33154
MO,Missouri,17/02/2021,31764
MO,Missouri,18/02/2021,31498
MO,Missouri,19/02/2021,42395
MO,Missouri,20/02/2021,33710
MO,Missouri,21/02/2021,33671
MO,Missouri,22/02/2021,34346
MO,Missouri,23/02/2021,33139
MO,Missouri,24/02/2021,35032
MO,Missouri,25/02/2021,36045
MO,Missouri,26/02/2021,28457
MO,Missouri,27/02/2021,33602
MO,Missouri,28/02/2021,27955
MO,Missouri,01/03/2021,38731
MO,Missouri,02/03/2021,39022
MO,Missouri,03/03/2021,39796
MO,Missouri,04/03/2021,41522
MO,Missouri,05/03/2021,41541
MO,Missouri,06/03/2021,39153
MO,Missouri,07/03/2021,45816
MO,Missouri,08/03/2021,36977
MO,Missouri,09/03/2021,37576
MO,Missouri,10/03/2021,38508
MO,Missouri,11/03/2021,38020
MO,Missouri,12/03/2021,36508
MO,Missouri,13/03/2021,45011
MO,Missouri,14/03/2021,38159
MO,Missouri,15/03/2021,37603
MO,Missouri,16/03/2021,37252
MT,Montana,13/01/2021,1980
MT,Montana,14/01/2021,2268
MT,Montana,15/01/2021,2427
MT,Montana,16/01/2021,2228
MT,Montana,17/01/2021,2109
MT,Montana,18/01/2021,2030
MT,Montana,19/01/2021,1973
MT,Montana,20/01/2021,1880
MT,Montana,21/01/2021,1967
MT,Montana,22/01/2021,2426
MT,Montana,23/01/2021,3078
MT,Montana,24/01/2021,3423
MT,Montana,25/01/2021,3299
MT,Montana,26/01/2021,3122
MT,Montana,27/01/2021,3421
MT,Montana,28/01/2021,3689
MT,Montana,29/01/2021,3749
MT,Montana,30/01/2021,3818
MT,Montana,31/01/2021,3991
MT,Montana,01/02/2021,4113
MT,Montana,02/02/2021,4225
MT,Montana,03/02/2021,4172
MT,Montana,04/02/2021,4276
MT,Montana,05/02/2021,4278
MT,Montana,06/02/2021,4516
MT,Montana,07/02/2021,4749
MT,Montana,08/02/2021,4733
MT,Montana,09/02/2021,4686
MT,Montana,10/02/2021,4853
MT,Montana,11/02/2021,4742
MT,Montana,12/02/2021,5023
MT,Montana,13/02/2021,5211
MT,Montana,14/02/2021,5578
MT,Montana,15/02/2021,5709
MT,Montana,16/02/2021,5934
MT,Montana,17/02/2021,5748
MT,Montana,18/02/2021,5819
MT,Montana,19/02/2021,9076
MT,Montana,20/02/2021,8790
MT,Montana,21/02/2021,8613
MT,Montana,22/02/2021,8797
MT,Montana,23/02/2021,8764
MT,Montana,24/02/2021,8864
MT,Montana,25/02/2021,8889
MT,Montana,26/02/2021,5681
MT,Montana,27/02/2021,6026
MT,Montana,28/02/2021,6332
MT,Montana,01/03/2021,6266
MT,Montana,02/03/2021,6164
MT,Montana,03/03/2021,6421
MT,Montana,04/03/2021,6959
MT,Montana,05/03/2021,7329
MT,Montana,06/03/2021,7575
MT,Montana,07/03/2021,7940
MT,Montana,08/03/2021,8125
MT,Montana,09/03/2021,8205
MT,Montana,10/03/2021,8294
MT,Montana,11/03/2021,8348
MT,Montana,12/03/2021,8310
MT,Montana,13/03/2021,8448
MT,Montana,14/03/2021,8395
MT,Montana,15/03/2021,8186
MT,Montana,16/03/2021,8303
NE,Nebraska,13/01/2021,5260
NE,Nebraska,14/01/2021,5240
NE,Nebraska,15/01/2021,5585
NE,Nebraska,16/01/2021,4970
NE,Nebraska,17/01/2021,4601
NE,Nebraska,18/01/2021,4354
NE,Nebraska,19/01/2021,4179
NE,Nebraska,20/01/2021,3798
NE,Nebraska,21/01/2021,3846
NE,Nebraska,22/01/2021,3894
NE,Nebraska,23/01/2021,4250
NE,Nebraska,24/01/2021,5058
NE,Nebraska,25/01/2021,4781
NE,Nebraska,26/01/2021,4492
NE,Nebraska,27/01/2021,4756
NE,Nebraska,28/01/2021,5454
NE,Nebraska,29/01/2021,5703
NE,Nebraska,30/01/2021,6172
NE,Nebraska,31/01/2021,6409
NE,Nebraska,01/02/2021,6698
NE,Nebraska,02/02/2021,6754
NE,Nebraska,03/02/2021,6959
NE,Nebraska,04/02/2021,6444
NE,Nebraska,05/02/2021,6538
NE,Nebraska,06/02/2021,7304
NE,Nebraska,07/02/2021,7595
NE,Nebraska,08/02/2021,7592
NE,Nebraska,09/02/2021,7555
NE,Nebraska,10/02/2021,7540
NE,Nebraska,11/02/2021,7536
NE,Nebraska,12/02/2021,7967
NE,Nebraska,13/02/2021,7935
NE,Nebraska,14/02/2021,7833
NE,Nebraska,15/02/2021,7729
NE,Nebraska,16/02/2021,7904
NE,Nebraska,17/02/2021,7691
NE,Nebraska,18/02/2021,8168
NE,Nebraska,19/02/2021,12550
NE,Nebraska,20/02/2021,12376
NE,Nebraska,21/02/2021,12421
NE,Nebraska,22/02/2021,13212
NE,Nebraska,23/02/2021,14590
NE,Nebraska,24/02/2021,15856
NE,Nebraska,25/02/2021,16766
NE,Nebraska,26/02/2021,13508
NE,Nebraska,27/02/2021,11913
NE,Nebraska,28/02/2021,14541
NE,Nebraska,01/03/2021,13667
NE,Nebraska,02/03/2021,13162
NE,Nebraska,03/03/2021,13030
NE,Nebraska,04/03/2021,13011
NE,Nebraska,05/03/2021,13272
NE,Nebraska,06/03/2021,13165
NE,Nebraska,07/03/2021,11660
NE,Nebraska,08/03/2021,13871
NE,Nebraska,09/03/2021,15629
NE,Nebraska,10/03/2021,15752
NE,Nebraska,11/03/2021,16610
NE,Nebraska,12/03/2021,16882
NE,Nebraska,13/03/2021,18600
NE,Nebraska,14/03/2021,15765
NE,Nebraska,15/03/2021,15917
NE,Nebraska,16/03/2021,14698
NV,Nevada,13/01/2021,0
NV,Nevada,14/01/2021,7596
NV,Nevada,15/01/2021,7340
NV,Nevada,16/01/2021,6703
NV,Nevada,17/01/2021,6321
NV,Nevada,18/01/2021,6066
NV,Nevada,19/01/2021,5884
NV,Nevada,20/01/2021,6497
NV,Nevada,21/01/2021,5592
NV,Nevada,22/01/2021,6112
NV,Nevada,23/01/2021,6938
NV,Nevada,24/01/2021,8421
NV,Nevada,25/01/2021,8832
NV,Nevada,26/01/2021,8789
NV,Nevada,27/01/2021,9605
NV,Nevada,28/01/2021,11279
NV,Nevada,29/01/2021,11961
NV,Nevada,30/01/2021,12452
NV,Nevada,31/01/2021,12696
NV,Nevada,01/02/2021,12698
NV,Nevada,02/02/2021,12687
NV,Nevada,03/02/2021,15015
NV,Nevada,04/02/2021,13808
NV,Nevada,05/02/2021,13448
NV,Nevada,06/02/2021,14009
NV,Nevada,07/02/2021,13285
NV,Nevada,08/02/2021,13990
NV,Nevada,09/02/2021,14051
NV,Nevada,10/02/2021,12409
NV,Nevada,11/02/2021,12497
NV,Nevada,12/02/2021,12836
NV,Nevada,13/02/2021,12686
NV,Nevada,14/02/2021,13479
NV,Nevada,15/02/2021,12990
NV,Nevada,16/02/2021,13610
NV,Nevada,17/02/2021,12383
NV,Nevada,18/02/2021,12558
NV,Nevada,19/02/2021,18309
NV,Nevada,20/02/2021,20669
NV,Nevada,21/02/2021,20198
NV,Nevada,22/02/2021,21272
NV,Nevada,23/02/2021,21660
NV,Nevada,24/02/2021,21973
NV,Nevada,25/02/2021,22173
NV,Nevada,26/02/2021,17176
NV,Nevada,27/02/2021,15691
NV,Nevada,28/02/2021,16555
NV,Nevada,01/03/2021,18372
NV,Nevada,02/03/2021,17823
NV,Nevada,03/03/2021,18162
NV,Nevada,04/03/2021,18282
NV,Nevada,05/03/2021,18675
NV,Nevada,06/03/2021,19208
NV,Nevada,07/03/2021,20510
NV,Nevada,08/03/2021,20110
NV,Nevada,09/03/2021,20255
NV,Nevada,10/03/2021,20670
NV,Nevada,11/03/2021,22049
NV,Nevada,12/03/2021,22496
NV,Nevada,13/03/2021,22668
NV,Nevada,14/03/2021,22869
NV,Nevada,15/03/2021,22559
NV,Nevada,16/03/2021,22167
NH,New Hampshire,13/01/2021,4605
NH,New Hampshire,14/01/2021,4049
NH,New Hampshire,15/01/2021,3968
NH,New Hampshire,16/01/2021,3541
NH,New Hampshire,17/01/2021,3285
NH,New Hampshire,18/01/2021,3114
NH,New Hampshire,19/01/2021,2992
NH,New Hampshire,20/01/2021,2886
NH,New Hampshire,21/01/2021,3133
NH,New Hampshire,22/01/2021,3297
NH,New Hampshire,23/01/2021,3577
NH,New Hampshire,24/01/2021,3757
NH,New Hampshire,25/01/2021,3618
NH,New Hampshire,26/01/2021,3635
NH,New Hampshire,27/01/2021,3952
NH,New Hampshire,28/01/2021,4259
NH,New Hampshire,29/01/2021,4545
NH,New Hampshire,30/01/2021,4846
NH,New Hampshire,31/01/2021,4996
NH,New Hampshire,01/02/2021,5127
NH,New Hampshire,02/02/2021,5542
NH,New Hampshire,03/02/2021,5027
NH,New Hampshire,04/02/2021,4948
NH,New Hampshire,05/02/2021,5105
NH,New Hampshire,06/02/2021,5348
NH,New Hampshire,07/02/2021,5368
NH,New Hampshire,08/02/2021,5155
NH,New Hampshire,09/02/2021,4704
NH,New Hampshire,10/02/2021,5417
NH,New Hampshire,11/02/2021,5574
NH,New Hampshire,12/02/2021,5424
NH,New Hampshire,13/02/2021,5642
NH,New Hampshire,14/02/2021,6093
NH,New Hampshire,15/02/2021,6570
NH,New Hampshire,16/02/2021,6846
NH,New Hampshire,17/02/2021,6018
NH,New Hampshire,18/02/2021,6109
NH,New Hampshire,19/02/2021,7182
NH,New Hampshire,20/02/2021,7089
NH,New Hampshire,21/02/2021,7467
NH,New Hampshire,22/02/2021,7900
NH,New Hampshire,23/02/2021,8231
NH,New Hampshire,24/02/2021,9131
NH,New Hampshire,25/02/2021,9198
NH,New Hampshire,26/02/2021,8355
NH,New Hampshire,27/02/2021,8639
NH,New Hampshire,28/02/2021,8685
NH,New Hampshire,01/03/2021,8130
NH,New Hampshire,02/03/2021,8039
NH,New Hampshire,03/03/2021,8178
NH,New Hampshire,04/03/2021,8368
NH,New Hampshire,05/03/2021,8375
NH,New Hampshire,06/03/2021,8620
NH,New Hampshire,07/03/2021,8643
NH,New Hampshire,08/03/2021,8668
NH,New Hampshire,09/03/2021,9056
NH,New Hampshire,10/03/2021,9412
NH,New Hampshire,11/03/2021,9833
NH,New Hampshire,12/03/2021,10400
NH,New Hampshire,13/03/2021,11285
NH,New Hampshire,14/03/2021,11228
NH,New Hampshire,15/03/2021,11392
NH,New Hampshire,16/03/2021,11078
NJ,New Jersey,13/01/2021,41937
NJ,New Jersey,14/01/2021,21188
NJ,New Jersey,15/01/2021,32008
NJ,New Jersey,16/01/2021,29199
NJ,New Jersey,17/01/2021,27513
NJ,New Jersey,18/01/2021,26389
NJ,New Jersey,19/01/2021,25586
NJ,New Jersey,20/01/2021,24177
NJ,New Jersey,21/01/2021,24114
NJ,New Jersey,22/01/2021,21042
NJ,New Jersey,23/01/2021,23293
NJ,New Jersey,24/01/2021,25288
NJ,New Jersey,25/01/2021,26252
NJ,New Jersey,26/01/2021,25084
NJ,New Jersey,27/01/2021,25663
NJ,New Jersey,28/01/2021,30856
NJ,New Jersey,29/01/2021,37580
NJ,New Jersey,30/01/2021,38294
NJ,New Jersey,31/01/2021,37116
NJ,New Jersey,01/02/2021,35307
NJ,New Jersey,02/02/2021,37264
NJ,New Jersey,03/02/2021,34266
NJ,New Jersey,04/02/2021,29072
NJ,New Jersey,05/02/2021,22473
NJ,New Jersey,06/02/2021,38906
NJ,New Jersey,07/02/2021,39909
NJ,New Jersey,08/02/2021,40656
NJ,New Jersey,09/02/2021,37172
NJ,New Jersey,10/02/2021,42430
NJ,New Jersey,11/02/2021,49279
NJ,New Jersey,12/02/2021,52572
NJ,New Jersey,13/02/2021,38345
NJ,New Jersey,14/02/2021,39217
NJ,New Jersey,15/02/2021,41921
NJ,New Jersey,16/02/2021,47221
NJ,New Jersey,17/02/2021,47383
NJ,New Jersey,18/02/2021,49357
NJ,New Jersey,19/02/2021,50244
NJ,New Jersey,20/02/2021,48414
NJ,New Jersey,21/02/2021,48529
NJ,New Jersey,22/02/2021,46183
NJ,New Jersey,23/02/2021,47389
NJ,New Jersey,24/02/2021,46169
NJ,New Jersey,25/02/2021,46315
NJ,New Jersey,26/02/2021,48381
NJ,New Jersey,27/02/2021,51418
NJ,New Jersey,28/02/2021,53805
NJ,New Jersey,01/03/2021,54984
NJ,New Jersey,02/03/2021,61182
NJ,New Jersey,03/03/2021,63752
NJ,New Jersey,04/03/2021,65554
NJ,New Jersey,05/03/2021,65709
NJ,New Jersey,06/03/2021,67167
NJ,New Jersey,07/03/2021,66956
NJ,New Jersey,08/03/2021,67911
NJ,New Jersey,09/03/2021,64587
NJ,New Jersey,10/03/2021,66441
NJ,New Jersey,11/03/2021,72811
NJ,New Jersey,12/03/2021,73389
NJ,New Jersey,13/03/2021,76089
NJ,New Jersey,14/03/2021,75859
NJ,New Jersey,15/03/2021,77298
NJ,New Jersey,16/03/2021,76470
NM,New Mexico,13/01/2021,3620
NM,New Mexico,14/01/2021,5590
NM,New Mexico,15/01/2021,7023
NM,New Mexico,16/01/2021,7695
NM,New Mexico,17/01/2021,8098
NM,New Mexico,18/01/2021,8367
NM,New Mexico,19/01/2021,8559
NM,New Mexico,20/01/2021,8778
NM,New Mexico,21/01/2021,9007
NM,New Mexico,22/01/2021,8963
NM,New Mexico,23/01/2021,10812
NM,New Mexico,24/01/2021,11630
NM,New Mexico,25/01/2021,10890
NM,New Mexico,26/01/2021,10284
NM,New Mexico,27/01/2021,10539
NM,New Mexico,28/01/2021,10318
NM,New Mexico,29/01/2021,10959
NM,New Mexico,30/01/2021,9089
NM,New Mexico,31/01/2021,9144
NM,New Mexico,01/02/2021,10079
NM,New Mexico,02/02/2021,9640
NM,New Mexico,03/02/2021,9679
NM,New Mexico,04/02/2021,9982
NM,New Mexico,05/02/2021,9741
NM,New Mexico,06/02/2021,10613
NM,New Mexico,07/02/2021,9664
NM,New Mexico,08/02/2021,9652
NM,New Mexico,09/02/2021,9778
NM,New Mexico,10/02/2021,9971
NM,New Mexico,11/02/2021,10757
NM,New Mexico,12/02/2021,11694
NM,New Mexico,13/02/2021,11043
NM,New Mexico,14/02/2021,12584
NM,New Mexico,15/02/2021,12691
NM,New Mexico,16/02/2021,13899
NM,New Mexico,17/02/2021,13250
NM,New Mexico,18/02/2021,12310
NM,New Mexico,19/02/2021,24825
NM,New Mexico,20/02/2021,25572
NM,New Mexico,21/02/2021,25153
NM,New Mexico,22/02/2021,24730
NM,New Mexico,23/02/2021,24162
NM,New Mexico,24/02/2021,24470
NM,New Mexico,25/02/2021,25544
NM,New Mexico,26/02/2021,13505
NM,New Mexico,27/02/2021,14167
NM,New Mexico,28/02/2021,15655
NM,New Mexico,01/03/2021,15269
NM,New Mexico,02/03/2021,15570
NM,New Mexico,03/03/2021,16752
NM,New Mexico,04/03/2021,15580
NM,New Mexico,05/03/2021,15550
NM,New Mexico,06/03/2021,17575
NM,New Mexico,07/03/2021,15499
NM,New Mexico,08/03/2021,17467
NM,New Mexico,09/03/2021,16790
NM,New Mexico,10/03/2021,14958
NM,New Mexico,11/03/2021,17684
NM,New Mexico,12/03/2021,18517
NM,New Mexico,13/03/2021,16020
NM,New Mexico,14/03/2021,18306
NM,New Mexico,15/03/2021,16955
NM,New Mexico,16/03/2021,18783
NY,New York,13/01/2021,52941
NY,New York,14/01/2021,54522
NY,New York,15/01/2021,59311
NY,New York,16/01/2021,59662
NY,New York,17/01/2021,59872
NY,New York,18/01/2021,60012
NY,New York,19/01/2021,60112
NY,New York,20/01/2021,59145
NY,New York,21/01/2021,61124
NY,New York,22/01/2021,63790
NY,New York,23/01/2021,66334
NY,New York,24/01/2021,69502
NY,New York,25/01/2021,68387
NY,New York,26/01/2021,64808
NY,New York,27/01/2021,67458
NY,New York,28/01/2021,73438
NY,New York,29/01/2021,71318
NY,New York,30/01/2021,72774
NY,New York,31/01/2021,72865
NY,New York,01/02/2021,72765
NY,New York,02/02/2021,73211
NY,New York,03/02/2021,69210
NY,New York,04/02/2021,61400
NY,New York,05/02/2021,61298
NY,New York,06/02/2021,61912
NY,New York,07/02/2021,65915
NY,New York,08/02/2021,70058
NY,New York,09/02/2021,67892
NY,New York,10/02/2021,76093
NY,New York,11/02/2021,80062
NY,New York,12/02/2021,82892
NY,New York,13/02/2021,85146
NY,New York,14/02/2021,84046
NY,New York,15/02/2021,85676
NY,New York,16/02/2021,95534
NY,New York,17/02/2021,91775
NY,New York,18/02/2021,90449
NY,New York,19/02/2021,104996
NY,New York,20/02/2021,102095
NY,New York,21/02/2021,99541
NY,New York,22/02/2021,99122
NY,New York,23/02/2021,94610
NY,New York,24/02/2021,91830
NY,New York,25/02/2021,89347
NY,New York,26/02/2021,72524
NY,New York,27/02/2021,74919
NY,New York,28/02/2021,86182
NY,New York,01/03/2021,91983
NY,New York,02/03/2021,103303
NY,New York,03/03/2021,112359
NY,New York,04/03/2021,121644
NY,New York,05/03/2021,129919
NY,New York,06/03/2021,140251
NY,New York,07/03/2021,144621
NY,New York,08/03/2021,151537
NY,New York,09/03/2021,147075
NY,New York,10/03/2021,154877
NY,New York,11/03/2021,158585
NY,New York,12/03/2021,162157
NY,New York,13/03/2021,178982
NY,New York,14/03/2021,151066
NY,New York,15/03/2021,146737
NY,New York,16/03/2021,149501
NC,North Carolina,13/01/2021,55328
NC,North Carolina,14/01/2021,28301
NC,North Carolina,15/01/2021,30405
NC,North Carolina,16/01/2021,28926
NC,North Carolina,17/01/2021,28038
NC,North Carolina,18/01/2021,27447
NC,North Carolina,19/01/2021,27024
NC,North Carolina,20/01/2021,22935
NC,North Carolina,21/01/2021,29296
NC,North Carolina,22/01/2021,31727
NC,North Carolina,23/01/2021,35671
NC,North Carolina,24/01/2021,40662
NC,North Carolina,25/01/2021,42821
NC,North Carolina,26/01/2021,42706
NC,North Carolina,27/01/2021,41324
NC,North Carolina,28/01/2021,53788
NC,North Carolina,29/01/2021,46616
NC,North Carolina,30/01/2021,45961
NC,North Carolina,31/01/2021,45031
NC,North Carolina,01/02/2021,42815
NC,North Carolina,02/02/2021,39490
NC,North Carolina,03/02/2021,44276
NC,North Carolina,04/02/2021,30525
NC,North Carolina,05/02/2021,36979
NC,North Carolina,06/02/2021,38929
NC,North Carolina,07/02/2021,41555
NC,North Carolina,08/02/2021,42660
NC,North Carolina,09/02/2021,44477
NC,North Carolina,10/02/2021,44199
NC,North Carolina,11/02/2021,45597
NC,North Carolina,12/02/2021,48191
NC,North Carolina,13/02/2021,50312
NC,North Carolina,14/02/2021,53556
NC,North Carolina,15/02/2021,53826
NC,North Carolina,16/02/2021,56765
NC,North Carolina,17/02/2021,56964
NC,North Carolina,18/02/2021,57088
NC,North Carolina,19/02/2021,73115
NC,North Carolina,20/02/2021,69341
NC,North Carolina,21/02/2021,64439
NC,North Carolina,22/02/2021,64854
NC,North Carolina,23/02/2021,61910
NC,North Carolina,24/02/2021,61381
NC,North Carolina,25/02/2021,61164
NC,North Carolina,26/02/2021,46498
NC,North Carolina,27/02/2021,51031
NC,North Carolina,28/02/2021,57036
NC,North Carolina,01/03/2021,60066
NC,North Carolina,02/03/2021,60984
NC,North Carolina,03/03/2021,63203
NC,North Carolina,04/03/2021,64444
NC,North Carolina,05/03/2021,56531
NC,North Carolina,06/03/2021,56396
NC,North Carolina,07/03/2021,51845
NC,North Carolina,08/03/2021,50910
NC,North Carolina,09/03/2021,52006
NC,North Carolina,10/03/2021,53160
NC,North Carolina,11/03/2021,55226
NC,North Carolina,12/03/2021,69359
NC,North Carolina,13/03/2021,90125
NC,North Carolina,14/03/2021,83400
NC,North Carolina,15/03/2021,85506
NC,North Carolina,16/03/2021,93581
ND,North Dakota,13/01/2021,1249
ND,North Dakota,14/01/2021,1648
ND,North Dakota,15/01/2021,2310
ND,North Dakota,16/01/2021,2370
ND,North Dakota,17/01/2021,2406
ND,North Dakota,18/01/2021,2430
ND,North Dakota,19/01/2021,2447
ND,North Dakota,20/01/2021,2418
ND,North Dakota,21/01/2021,2353
ND,North Dakota,22/01/2021,2528
ND,North Dakota,23/01/2021,2863
ND,North Dakota,24/01/2021,3095
ND,North Dakota,25/01/2021,3026
ND,North Dakota,26/01/2021,2693
ND,North Dakota,27/01/2021,2796
ND,North Dakota,28/01/2021,2972
ND,North Dakota,29/01/2021,3153
ND,North Dakota,30/01/2021,3227
ND,North Dakota,31/01/2021,3534
ND,North Dakota,01/02/2021,3463
ND,North Dakota,02/02/2021,3505
ND,North Dakota,03/02/2021,3763
ND,North Dakota,04/02/2021,3836
ND,North Dakota,05/02/2021,3807
ND,North Dakota,06/02/2021,4165
ND,North Dakota,07/02/2021,4130
ND,North Dakota,08/02/2021,4328
ND,North Dakota,09/02/2021,4256
ND,North Dakota,10/02/2021,3778
ND,North Dakota,11/02/2021,3817
ND,North Dakota,12/02/2021,3795
ND,North Dakota,13/02/2021,3348
ND,North Dakota,14/02/2021,3156
ND,North Dakota,15/02/2021,3056
ND,North Dakota,16/02/2021,3378
ND,North Dakota,17/02/2021,3438
ND,North Dakota,18/02/2021,3305
ND,North Dakota,19/02/2021,6133
ND,North Dakota,20/02/2021,6331
ND,North Dakota,21/02/2021,6499
ND,North Dakota,22/02/2021,6456
ND,North Dakota,23/02/2021,6164
ND,North Dakota,24/02/2021,6532
ND,North Dakota,25/02/2021,6737
ND,North Dakota,26/02/2021,4329
ND,North Dakota,27/02/2021,5262
ND,North Dakota,28/02/2021,5686
ND,North Dakota,01/03/2021,6031
ND,North Dakota,02/03/2021,6039
ND,North Dakota,03/03/2021,5910
ND,North Dakota,04/03/2021,6054
ND,North Dakota,05/03/2021,6094
ND,North Dakota,06/03/2021,5543
ND,North Dakota,07/03/2021,5502
ND,North Dakota,08/03/2021,5343
ND,North Dakota,09/03/2021,5571
ND,North Dakota,10/03/2021,5654
ND,North Dakota,11/03/2021,5744
ND,North Dakota,12/03/2021,6046
ND,North Dakota,13/03/2021,6367
ND,North Dakota,14/03/2021,6330
ND,North Dakota,15/03/2021,6527
ND,North Dakota,16/03/2021,6264
OH,Ohio,13/01/2021,17428
OH,Ohio,14/01/2021,18267
OH,Ohio,15/01/2021,21179
OH,Ohio,16/01/2021,21926
OH,Ohio,17/01/2021,22373
OH,Ohio,18/01/2021,22672
OH,Ohio,19/01/2021,22885
OH,Ohio,20/01/2021,22595
OH,Ohio,21/01/2021,19865
OH,Ohio,22/01/2021,24296
OH,Ohio,23/01/2021,27905
OH,Ohio,24/01/2021,31907
OH,Ohio,25/01/2021,33957
OH,Ohio,26/01/2021,33706
OH,Ohio,27/01/2021,36967
OH,Ohio,28/01/2021,43198
OH,Ohio,29/01/2021,42514
OH,Ohio,30/01/2021,45154
OH,Ohio,31/01/2021,43844
OH,Ohio,01/02/2021,45572
OH,Ohio,02/02/2021,48159
OH,Ohio,03/02/2021,48449
OH,Ohio,04/02/2021,48316
OH,Ohio,05/02/2021,47734
OH,Ohio,06/02/2021,47355
OH,Ohio,07/02/2021,48565
OH,Ohio,08/02/2021,48814
OH,Ohio,09/02/2021,46941
OH,Ohio,10/02/2021,45864
OH,Ohio,11/02/2021,47299
OH,Ohio,12/02/2021,51893
OH,Ohio,13/02/2021,52952
OH,Ohio,14/02/2021,56851
OH,Ohio,15/02/2021,56733
OH,Ohio,16/02/2021,60179
OH,Ohio,17/02/2021,59820
OH,Ohio,18/02/2021,57466
OH,Ohio,19/02/2021,65606
OH,Ohio,20/02/2021,64835
OH,Ohio,21/02/2021,64109
OH,Ohio,22/02/2021,64736
OH,Ohio,23/02/2021,61964
OH,Ohio,24/02/2021,66136
OH,Ohio,25/02/2021,70021
OH,Ohio,26/02/2021,59061
OH,Ohio,27/02/2021,62123
OH,Ohio,28/02/2021,65588
OH,Ohio,01/03/2021,66320
OH,Ohio,02/03/2021,70639
OH,Ohio,03/03/2021,71704
OH,Ohio,04/03/2021,71267
OH,Ohio,05/03/2021,72136
OH,Ohio,06/03/2021,75052
OH,Ohio,07/03/2021,75926
OH,Ohio,08/03/2021,77561
OH,Ohio,09/03/2021,76075
OH,Ohio,10/03/2021,75203
OH,Ohio,11/03/2021,77234
OH,Ohio,12/03/2021,82275
OH,Ohio,13/03/2021,85292
OH,Ohio,14/03/2021,85837
OH,Ohio,15/03/2021,87935
OH,Ohio,16/03/2021,86746
OK,Oklahoma,13/01/2021,14560
OK,Oklahoma,14/01/2021,14712
OK,Oklahoma,15/01/2021,15189
OK,Oklahoma,16/01/2021,13809
OK,Oklahoma,17/01/2021,12982
OK,Oklahoma,18/01/2021,12430
OK,Oklahoma,19/01/2021,12036
OK,Oklahoma,20/01/2021,11326
OK,Oklahoma,21/01/2021,11453
OK,Oklahoma,22/01/2021,12013
OK,Oklahoma,23/01/2021,13104
OK,Oklahoma,24/01/2021,14294
OK,Oklahoma,25/01/2021,13446
OK,Oklahoma,26/01/2021,12397
OK,Oklahoma,27/01/2021,13351
OK,Oklahoma,28/01/2021,13688
OK,Oklahoma,29/01/2021,14169
OK,Oklahoma,30/01/2021,15071
OK,Oklahoma,31/01/2021,16454
OK,Oklahoma,01/02/2021,16719
OK,Oklahoma,02/02/2021,16686
OK,Oklahoma,03/02/2021,16757
OK,Oklahoma,04/02/2021,17304
OK,Oklahoma,05/02/2021,17715
OK,Oklahoma,06/02/2021,18707
OK,Oklahoma,07/02/2021,19394
OK,Oklahoma,08/02/2021,20353
OK,Oklahoma,09/02/2021,20362
OK,Oklahoma,10/02/2021,20567
OK,Oklahoma,11/02/2021,20568
OK,Oklahoma,12/02/2021,18523
OK,Oklahoma,13/02/2021,17083
OK,Oklahoma,14/02/2021,15515
OK,Oklahoma,15/02/2021,14633
OK,Oklahoma,16/02/2021,15201
OK,Oklahoma,17/02/2021,12862
OK,Oklahoma,18/02/2021,10297
OK,Oklahoma,19/02/2021,24738
OK,Oklahoma,20/02/2021,24295
OK,Oklahoma,21/02/2021,26230
OK,Oklahoma,22/02/2021,28963
OK,Oklahoma,23/02/2021,30281
OK,Oklahoma,24/02/2021,34146
OK,Oklahoma,25/02/2021,38155
OK,Oklahoma,26/02/2021,27507
OK,Oklahoma,27/02/2021,30870
OK,Oklahoma,28/02/2021,32772
OK,Oklahoma,01/03/2021,32546
OK,Oklahoma,02/03/2021,31154
OK,Oklahoma,03/03/2021,30339
OK,Oklahoma,04/03/2021,30556
OK,Oklahoma,05/03/2021,29568
OK,Oklahoma,06/03/2021,28451
OK,Oklahoma,07/03/2021,26152
OK,Oklahoma,08/03/2021,25941
OK,Oklahoma,09/03/2021,26087
OK,Oklahoma,10/03/2021,26712
OK,Oklahoma,11/03/2021,26214
OK,Oklahoma,12/03/2021,26463
OK,Oklahoma,13/03/2021,27045
OK,Oklahoma,14/03/2021,26681
OK,Oklahoma,15/03/2021,26094
OK,Oklahoma,16/03/2021,25874
OR,Oregon,13/01/2021,10465
OR,Oregon,14/01/2021,12593
OR,Oregon,15/01/2021,13848
OR,Oregon,16/01/2021,14809
OR,Oregon,17/01/2021,15386
OR,Oregon,18/01/2021,15771
OR,Oregon,19/01/2021,16045
OR,Oregon,20/01/2021,14550
OR,Oregon,21/01/2021,12447
OR,Oregon,22/01/2021,15365
OR,Oregon,23/01/2021,15231
OR,Oregon,24/01/2021,14912
OR,Oregon,25/01/2021,14492
OR,Oregon,26/01/2021,13020
OR,Oregon,27/01/2021,15509
OR,Oregon,28/01/2021,17636
OR,Oregon,29/01/2021,15098
OR,Oregon,30/01/2021,15990
OR,Oregon,31/01/2021,17424
OR,Oregon,01/02/2021,17564
OR,Oregon,02/02/2021,18605
OR,Oregon,03/02/2021,18397
OR,Oregon,04/02/2021,18800
OR,Oregon,05/02/2021,18252
OR,Oregon,06/02/2021,18212
OR,Oregon,07/02/2021,17837
OR,Oregon,08/02/2021,18688
OR,Oregon,09/02/2021,19199
OR,Oregon,10/02/2021,19252
OR,Oregon,11/02/2021,16722
OR,Oregon,12/02/2021,14555
OR,Oregon,13/02/2021,20151
OR,Oregon,14/02/2021,19796
OR,Oregon,15/02/2021,17689
OR,Oregon,16/02/2021,16074
OR,Oregon,17/02/2021,14821
OR,Oregon,18/02/2021,17076
OR,Oregon,19/02/2021,25515
OR,Oregon,20/02/2021,20550
OR,Oregon,21/02/2021,21486
OR,Oregon,22/02/2021,23706
OR,Oregon,23/02/2021,25678
OR,Oregon,24/02/2021,24710
OR,Oregon,25/02/2021,25852
OR,Oregon,26/02/2021,22889
OR,Oregon,27/02/2021,23699
OR,Oregon,28/02/2021,24669
OR,Oregon,01/03/2021,25692
OR,Oregon,02/03/2021,24769
OR,Oregon,03/03/2021,26330
OR,Oregon,04/03/2021,26216
OR,Oregon,05/03/2021,24302
OR,Oregon,06/03/2021,25313
OR,Oregon,07/03/2021,25491
OR,Oregon,08/03/2021,25090
OR,Oregon,09/03/2021,26234
OR,Oregon,10/03/2021,26968
OR,Oregon,11/03/2021,23823
OR,Oregon,12/03/2021,24816
OR,Oregon,13/03/2021,28025
OR,Oregon,14/03/2021,27662
OR,Oregon,15/03/2021,26874
OR,Oregon,16/03/2021,27186
PA,Pennsylvania,13/01/2021,37996
PA,Pennsylvania,14/01/2021,34233
PA,Pennsylvania,15/01/2021,35401
PA,Pennsylvania,16/01/2021,32567
PA,Pennsylvania,17/01/2021,30867
PA,Pennsylvania,18/01/2021,29734
PA,Pennsylvania,19/01/2021,28924
PA,Pennsylvania,20/01/2021,26959
PA,Pennsylvania,21/01/2021,27859
PA,Pennsylvania,22/01/2021,29248
PA,Pennsylvania,23/01/2021,31950
PA,Pennsylvania,24/01/2021,35472
PA,Pennsylvania,25/01/2021,36636
PA,Pennsylvania,26/01/2021,36563
PA,Pennsylvania,27/01/2021,40474
PA,Pennsylvania,28/01/2021,35849
PA,Pennsylvania,29/01/2021,45694
PA,Pennsylvania,30/01/2021,48079
PA,Pennsylvania,31/01/2021,49083
PA,Pennsylvania,01/02/2021,51055
PA,Pennsylvania,02/02/2021,50799
PA,Pennsylvania,03/02/2021,43730
PA,Pennsylvania,04/02/2021,51766
PA,Pennsylvania,05/02/2021,42684
PA,Pennsylvania,06/02/2021,43724
PA,Pennsylvania,07/02/2021,45667
PA,Pennsylvania,08/02/2021,43882
PA,Pennsylvania,09/02/2021,46034
PA,Pennsylvania,10/02/2021,54281
PA,Pennsylvania,11/02/2021,53677
PA,Pennsylvania,12/02/2021,56762
PA,Pennsylvania,13/02/2021,48534
PA,Pennsylvania,14/02/2021,59213
PA,Pennsylvania,15/02/2021,55160
PA,Pennsylvania,16/02/2021,50636
PA,Pennsylvania,17/02/2021,58875
PA,Pennsylvania,18/02/2021,58330
PA,Pennsylvania,19/02/2021,73730
PA,Pennsylvania,20/02/2021,79082
PA,Pennsylvania,21/02/2021,69214
PA,Pennsylvania,22/02/2021,75797
PA,Pennsylvania,23/02/2021,78350
PA,Pennsylvania,24/02/2021,67892
PA,Pennsylvania,25/02/2021,69590
PA,Pennsylvania,26/02/2021,53951
PA,Pennsylvania,27/02/2021,63458
PA,Pennsylvania,28/02/2021,63574
PA,Pennsylvania,01/03/2021,68183
PA,Pennsylvania,02/03/2021,72196
PA,Pennsylvania,03/03/2021,74736
PA,Pennsylvania,04/03/2021,78068
PA,Pennsylvania,05/03/2021,86723
PA,Pennsylvania,06/03/2021,88971
PA,Pennsylvania,07/03/2021,81060
PA,Pennsylvania,08/03/2021,71465
PA,Pennsylvania,09/03/2021,91116
PA,Pennsylvania,10/03/2021,98490
PA,Pennsylvania,11/03/2021,100106
PA,Pennsylvania,12/03/2021,84202
PA,Pennsylvania,13/03/2021,113553
PA,Pennsylvania,14/03/2021,124576
PA,Pennsylvania,15/03/2021,135409
PA,Pennsylvania,16/03/2021,116653
RI,Rhode Island,13/01/2021,2460
RI,Rhode Island,14/01/2021,2652
RI,Rhode Island,15/01/2021,2660
RI,Rhode Island,16/01/2021,2403
RI,Rhode Island,17/01/2021,2249
RI,Rhode Island,18/01/2021,2147
RI,Rhode Island,19/01/2021,2073
RI,Rhode Island,20/01/2021,2084
RI,Rhode Island,21/01/2021,2020
RI,Rhode Island,22/01/2021,2061
RI,Rhode Island,23/01/2021,2010
RI,Rhode Island,24/01/2021,2393
RI,Rhode Island,25/01/2021,2567
RI,Rhode Island,26/01/2021,2598
RI,Rhode Island,27/01/2021,2810
RI,Rhode Island,28/01/2021,3018
RI,Rhode Island,29/01/2021,3090
RI,Rhode Island,30/01/2021,3549
RI,Rhode Island,31/01/2021,3373
RI,Rhode Island,01/02/2021,3403
RI,Rhode Island,02/02/2021,3897
RI,Rhode Island,03/02/2021,3599
RI,Rhode Island,04/02/2021,3391
RI,Rhode Island,05/02/2021,3335
RI,Rhode Island,06/02/2021,3391
RI,Rhode Island,07/02/2021,3699
RI,Rhode Island,08/02/2021,3749
RI,Rhode Island,09/02/2021,3220
RI,Rhode Island,10/02/2021,3355
RI,Rhode Island,11/02/2021,3436
RI,Rhode Island,12/02/2021,3566
RI,Rhode Island,13/02/2021,3582
RI,Rhode Island,14/02/2021,3441
RI,Rhode Island,15/02/2021,3372
RI,Rhode Island,16/02/2021,3563
RI,Rhode Island,17/02/2021,3782
RI,Rhode Island,18/02/2021,4571
RI,Rhode Island,19/02/2021,7116
RI,Rhode Island,20/02/2021,7713
RI,Rhode Island,21/02/2021,8210
RI,Rhode Island,22/02/2021,8850
RI,Rhode Island,23/02/2021,9234
RI,Rhode Island,24/02/2021,9580
RI,Rhode Island,25/02/2021,9538
RI,Rhode Island,26/02/2021,7595
RI,Rhode Island,27/02/2021,7816
RI,Rhode Island,28/02/2021,8304
RI,Rhode Island,01/03/2021,9068
RI,Rhode Island,02/03/2021,9163
RI,Rhode Island,03/03/2021,9181
RI,Rhode Island,04/03/2021,9181
RI,Rhode Island,05/03/2021,9377
RI,Rhode Island,06/03/2021,9240
RI,Rhode Island,07/03/2021,8945
RI,Rhode Island,08/03/2021,8174
RI,Rhode Island,09/03/2021,8258
RI,Rhode Island,10/03/2021,8319
RI,Rhode Island,11/03/2021,8574
RI,Rhode Island,12/03/2021,8425
RI,Rhode Island,13/03/2021,8162
RI,Rhode Island,14/03/2021,7832
RI,Rhode Island,15/03/2021,8813
RI,Rhode Island,16/03/2021,9034
SC,South Carolina,13/01/2021,18812
SC,South Carolina,14/01/2021,17390
SC,South Carolina,15/01/2021,13587
SC,South Carolina,16/01/2021,14274
SC,South Carolina,17/01/2021,14686
SC,South Carolina,18/01/2021,14961
SC,South Carolina,19/01/2021,15157
SC,South Carolina,20/01/2021,13246
SC,South Carolina,21/01/2021,13397
SC,South Carolina,22/01/2021,15309
SC,South Carolina,23/01/2021,15855
SC,South Carolina,24/01/2021,17756
SC,South Carolina,25/01/2021,19501
SC,South Carolina,26/01/2021,18577
SC,South Carolina,27/01/2021,19197
SC,South Carolina,28/01/2021,21474
SC,South Carolina,29/01/2021,22308
SC,South Carolina,30/01/2021,22672
SC,South Carolina,31/01/2021,22964
SC,South Carolina,01/02/2021,22200
SC,South Carolina,02/02/2021,21926
SC,South Carolina,03/02/2021,21745
SC,South Carolina,04/02/2021,19641
SC,South Carolina,05/02/2021,19105
SC,South Carolina,06/02/2021,19288
SC,South Carolina,07/02/2021,18482
SC,South Carolina,08/02/2021,17563
SC,South Carolina,09/02/2021,16428
SC,South Carolina,10/02/2021,18409
SC,South Carolina,11/02/2021,18723
SC,South Carolina,12/02/2021,18640
SC,South Carolina,13/02/2021,18852
SC,South Carolina,14/02/2021,19324
SC,South Carolina,15/02/2021,19377
SC,South Carolina,16/02/2021,21826
SC,South Carolina,17/02/2021,21051
SC,South Carolina,18/02/2021,21374
SC,South Carolina,19/02/2021,28383
SC,South Carolina,20/02/2021,29276
SC,South Carolina,21/02/2021,29498
SC,South Carolina,22/02/2021,30180
SC,South Carolina,23/02/2021,28951
SC,South Carolina,24/02/2021,31183
SC,South Carolina,25/02/2021,31394
SC,South Carolina,26/02/2021,25323
SC,South Carolina,27/02/2021,25456
SC,South Carolina,28/02/2021,25126
SC,South Carolina,01/03/2021,26318
SC,South Carolina,02/03/2021,25988
SC,South Carolina,03/03/2021,25214
SC,South Carolina,04/03/2021,29268
SC,South Carolina,05/03/2021,29580
SC,South Carolina,06/03/2021,32372
SC,South Carolina,07/03/2021,37254
SC,South Carolina,08/03/2021,37671
SC,South Carolina,09/03/2021,39188
SC,South Carolina,10/03/2021,38974
SC,South Carolina,11/03/2021,36988
SC,South Carolina,12/03/2021,37286
SC,South Carolina,13/03/2021,42704
SC,South Carolina,14/03/2021,33739
SC,South Carolina,15/03/2021,34049
SC,South Carolina,16/03/2021,32823
SD,South Dakota,13/01/2021,2014
SD,South Dakota,14/01/2021,2793
SD,South Dakota,15/01/2021,2802
SD,South Dakota,16/01/2021,2352
SD,South Dakota,17/01/2021,2082
SD,South Dakota,18/01/2021,1902
SD,South Dakota,19/01/2021,1774
SD,South Dakota,20/01/2021,1687
SD,South Dakota,21/01/2021,1585
SD,South Dakota,22/01/2021,1934
SD,South Dakota,23/01/2021,2728
SD,South Dakota,24/01/2021,3048
SD,South Dakota,25/01/2021,3200
SD,South Dakota,26/01/2021,3101
SD,South Dakota,27/01/2021,3495
SD,South Dakota,28/01/2021,3771
SD,South Dakota,29/01/2021,3798
SD,South Dakota,30/01/2021,3664
SD,South Dakota,31/01/2021,3646
SD,South Dakota,01/02/2021,3596
SD,South Dakota,02/02/2021,3597
SD,South Dakota,03/02/2021,3426
SD,South Dakota,04/02/2021,3414
SD,South Dakota,05/02/2021,3480
SD,South Dakota,06/02/2021,3535
SD,South Dakota,07/02/2021,3640
SD,South Dakota,08/02/2021,3626
SD,South Dakota,09/02/2021,3604
SD,South Dakota,10/02/2021,3639
SD,South Dakota,11/02/2021,3722
SD,South Dakota,12/02/2021,3868
SD,South Dakota,13/02/2021,3919
SD,South Dakota,14/02/2021,4112
SD,South Dakota,15/02/2021,4069
SD,South Dakota,16/02/2021,4236
SD,South Dakota,17/02/2021,4204
SD,South Dakota,18/02/2021,4206
SD,South Dakota,19/02/2021,9933
SD,South Dakota,20/02/2021,10117
SD,South Dakota,21/02/2021,10357
SD,South Dakota,22/02/2021,10630
SD,South Dakota,23/02/2021,10621
SD,South Dakota,24/02/2021,10978
SD,South Dakota,25/02/2021,11292
SD,South Dakota,26/02/2021,5908
SD,South Dakota,27/02/2021,6206
SD,South Dakota,28/02/2021,6509
SD,South Dakota,01/03/2021,6587
SD,South Dakota,02/03/2021,6478
SD,South Dakota,03/03/2021,6421
SD,South Dakota,04/03/2021,6364
SD,South Dakota,05/03/2021,6404
SD,South Dakota,06/03/2021,6470
SD,South Dakota,07/03/2021,6382
SD,South Dakota,08/03/2021,6314
SD,South Dakota,09/03/2021,6313
SD,South Dakota,10/03/2021,6343
SD,South Dakota,11/03/2021,6400
SD,South Dakota,12/03/2021,6376
SD,South Dakota,13/03/2021,6584
SD,South Dakota,14/03/2021,7158
SD,South Dakota,15/03/2021,7462
SD,South Dakota,16/03/2021,7593
TN,Tennessee,13/01/2021,13456
TN,Tennessee,14/01/2021,6728
TN,Tennessee,15/01/2021,17360
TN,Tennessee,16/01/2021,16050
TN,Tennessee,17/01/2021,15264
TN,Tennessee,18/01/2021,14740
TN,Tennessee,19/01/2021,14365
TN,Tennessee,20/01/2021,13403
TN,Tennessee,21/01/2021,15851
TN,Tennessee,22/01/2021,14037
TN,Tennessee,23/01/2021,15528
TN,Tennessee,24/01/2021,17781
TN,Tennessee,25/01/2021,17565
TN,Tennessee,26/01/2021,16589
TN,Tennessee,27/01/2021,18443
TN,Tennessee,28/01/2021,19197
TN,Tennessee,29/01/2021,20618
TN,Tennessee,30/01/2021,21427
TN,Tennessee,31/01/2021,22453
TN,Tennessee,01/02/2021,23609
TN,Tennessee,02/02/2021,23422
TN,Tennessee,03/02/2021,24312
TN,Tennessee,04/02/2021,24885
TN,Tennessee,05/02/2021,24652
TN,Tennessee,06/02/2021,25451
TN,Tennessee,07/02/2021,25973
TN,Tennessee,08/02/2021,25401
TN,Tennessee,09/02/2021,25742
TN,Tennessee,10/02/2021,25981
TN,Tennessee,11/02/2021,26016
TN,Tennessee,12/02/2021,26161
TN,Tennessee,13/02/2021,24927
TN,Tennessee,14/02/2021,25152
TN,Tennessee,15/02/2021,24902
TN,Tennessee,16/02/2021,25844
TN,Tennessee,17/02/2021,22833
TN,Tennessee,18/02/2021,21143
TN,Tennessee,19/02/2021,25995
TN,Tennessee,20/02/2021,24434
TN,Tennessee,21/02/2021,21434
TN,Tennessee,22/02/2021,21542
TN,Tennessee,23/02/2021,20978
TN,Tennessee,24/02/2021,25211
TN,Tennessee,25/02/2021,27973
TN,Tennessee,26/02/2021,24822
TN,Tennessee,27/02/2021,29100
TN,Tennessee,28/02/2021,34609
TN,Tennessee,01/03/2021,37689
TN,Tennessee,02/03/2021,37967
TN,Tennessee,03/03/2021,39929
TN,Tennessee,04/03/2021,40345
TN,Tennessee,05/03/2021,40442
TN,Tennessee,06/03/2021,39889
TN,Tennessee,07/03/2021,39317
TN,Tennessee,08/03/2021,37799
TN,Tennessee,09/03/2021,37434
TN,Tennessee,10/03/2021,36573
TN,Tennessee,11/03/2021,37837
TN,Tennessee,12/03/2021,38803
TN,Tennessee,13/03/2021,40729
TN,Tennessee,14/03/2021,40964
TN,Tennessee,15/03/2021,41875
TN,Tennessee,16/03/2021,41859
TX,Texas,13/01/2021,66581
TX,Texas,14/01/2021,66082
TX,Texas,15/01/2021,82927
TX,Texas,16/01/2021,77429
TX,Texas,17/01/2021,74131
TX,Texas,18/01/2021,71932
TX,Texas,19/01/2021,70361
TX,Texas,20/01/2021,70529
TX,Texas,21/01/2021,71561
TX,Texas,22/01/2021,69220
TX,Texas,23/01/2021,72384
TX,Texas,24/01/2021,68740
TX,Texas,25/01/2021,65851
TX,Texas,26/01/2021,73415
TX,Texas,27/01/2021,71804
TX,Texas,28/01/2021,80351
TX,Texas,29/01/2021,82155
TX,Texas,30/01/2021,87541
TX,Texas,31/01/2021,92226
TX,Texas,01/02/2021,98889
TX,Texas,02/02/2021,82619
TX,Texas,03/02/2021,96932
TX,Texas,04/02/2021,99765
TX,Texas,05/02/2021,101557
TX,Texas,06/02/2021,109611
TX,Texas,07/02/2021,119680
TX,Texas,08/02/2021,117976
TX,Texas,09/02/2021,134278
TX,Texas,10/02/2021,130817
TX,Texas,11/02/2021,129014
TX,Texas,12/02/2021,134688
TX,Texas,13/02/2021,128579
TX,Texas,14/02/2021,126730
TX,Texas,15/02/2021,124715
TX,Texas,16/02/2021,117172
TX,Texas,17/02/2021,106240
TX,Texas,18/02/2021,89324
TX,Texas,19/02/2021,95577
TX,Texas,20/02/2021,86673
TX,Texas,21/02/2021,77160
TX,Texas,22/02/2021,73731
TX,Texas,23/02/2021,77700
TX,Texas,24/02/2021,87380
TX,Texas,25/02/2021,110504
TX,Texas,26/02/2021,104351
TX,Texas,27/02/2021,111466
TX,Texas,28/02/2021,127535
TX,Texas,01/03/2021,123045
TX,Texas,02/03/2021,165192
TX,Texas,03/03/2021,181084
TX,Texas,04/03/2021,181691
TX,Texas,05/03/2021,188300
TX,Texas,06/03/2021,204902
TX,Texas,07/03/2021,195936
TX,Texas,08/03/2021,214144
TX,Texas,09/03/2021,191891
TX,Texas,10/03/2021,191158
TX,Texas,11/03/2021,193081
TX,Texas,12/03/2021,202045
TX,Texas,13/03/2021,204566
TX,Texas,14/03/2021,211968
TX,Texas,15/03/2021,210881
TX,Texas,16/03/2021,194431
UT,Utah,13/01/2021,8811
UT,Utah,14/01/2021,10080
UT,Utah,15/01/2021,10995
UT,Utah,16/01/2021,10433
UT,Utah,17/01/2021,10096
UT,Utah,18/01/2021,9872
UT,Utah,19/01/2021,9711
UT,Utah,20/01/2021,11108
UT,Utah,21/01/2021,10599
UT,Utah,22/01/2021,10646
UT,Utah,23/01/2021,9396
UT,Utah,24/01/2021,8146
UT,Utah,25/01/2021,10650
UT,Utah,26/01/2021,9602
UT,Utah,27/01/2021,8288
UT,Utah,28/01/2021,7176
UT,Utah,29/01/2021,9771
UT,Utah,30/01/2021,11967
UT,Utah,31/01/2021,11967
UT,Utah,01/02/2021,13432
UT,Utah,02/02/2021,13460
UT,Utah,03/02/2021,12118
UT,Utah,04/02/2021,16237
UT,Utah,05/02/2021,15053
UT,Utah,06/02/2021,16255
UT,Utah,07/02/2021,16255
UT,Utah,08/02/2021,26228
UT,Utah,09/02/2021,26519
UT,Utah,10/02/2021,26519
UT,Utah,11/02/2021,22400
UT,Utah,12/02/2021,19110
UT,Utah,13/02/2021,15712
UT,Utah,14/02/2021,15712
UT,Utah,15/02/2021,2117
UT,Utah,16/02/2021,3195
UT,Utah,17/02/2021,3195
UT,Utah,18/02/2021,5925
UT,Utah,19/02/2021,10626
UT,Utah,20/02/2021,14258
UT,Utah,21/02/2021,14330
UT,Utah,22/02/2021,12775
UT,Utah,23/02/2021,11202
UT,Utah,24/02/2021,13791
UT,Utah,25/02/2021,15753
UT,Utah,26/02/2021,11132
UT,Utah,27/02/2021,11115
UT,Utah,28/02/2021,11132
UT,Utah,01/03/2021,11090
UT,Utah,02/03/2021,15893
UT,Utah,03/03/2021,16677
UT,Utah,04/03/2021,12054
UT,Utah,05/03/2021,19168
UT,Utah,06/03/2021,20651
UT,Utah,07/03/2021,20666
UT,Utah,08/03/2021,20744
UT,Utah,09/03/2021,22533
UT,Utah,10/03/2021,22455
UT,Utah,11/03/2021,22481
UT,Utah,12/03/2021,21233
UT,Utah,13/03/2021,20756
UT,Utah,14/03/2021,24904
UT,Utah,15/03/2021,24981
UT,Utah,16/03/2021,21514
VT,Vermont,13/01/2021,3814
VT,Vermont,14/01/2021,1907
VT,Vermont,15/01/2021,2238
VT,Vermont,16/01/2021,2185
VT,Vermont,17/01/2021,2154
VT,Vermont,18/01/2021,2133
VT,Vermont,19/01/2021,2118
VT,Vermont,20/01/2021,1606
VT,Vermont,21/01/2021,1895
VT,Vermont,22/01/2021,1997
VT,Vermont,23/01/2021,2133
VT,Vermont,24/01/2021,2192
VT,Vermont,25/01/2021,2153
VT,Vermont,26/01/2021,1976
VT,Vermont,27/01/2021,2080
VT,Vermont,28/01/2021,2291
VT,Vermont,29/01/2021,2184
VT,Vermont,30/01/2021,2050
VT,Vermont,31/01/2021,2187
VT,Vermont,01/02/2021,2686
VT,Vermont,02/02/2021,2801
VT,Vermont,03/02/2021,2763
VT,Vermont,04/02/2021,2618
VT,Vermont,05/02/2021,2617
VT,Vermont,06/02/2021,2745
VT,Vermont,07/02/2021,2857
VT,Vermont,08/02/2021,2557
VT,Vermont,09/02/2021,2717
VT,Vermont,10/02/2021,2735
VT,Vermont,11/02/2021,2816
VT,Vermont,12/02/2021,2855
VT,Vermont,13/02/2021,2818
VT,Vermont,14/02/2021,2801
VT,Vermont,15/02/2021,2937
VT,Vermont,16/02/2021,3136
VT,Vermont,17/02/2021,3157
VT,Vermont,18/02/2021,3039
VT,Vermont,19/02/2021,3940
VT,Vermont,20/02/2021,4199
VT,Vermont,21/02/2021,4337
VT,Vermont,22/02/2021,4364
VT,Vermont,23/02/2021,4157
VT,Vermont,24/02/2021,4144
VT,Vermont,25/02/2021,4235
VT,Vermont,26/02/2021,3417
VT,Vermont,27/02/2021,3545
VT,Vermont,28/02/2021,3631
VT,Vermont,01/03/2021,3802
VT,Vermont,02/03/2021,3925
VT,Vermont,03/03/2021,4030
VT,Vermont,04/03/2021,3991
VT,Vermont,05/03/2021,4006
VT,Vermont,06/03/2021,3914
VT,Vermont,07/03/2021,4139
VT,Vermont,08/03/2021,4384
VT,Vermont,09/03/2021,4620
VT,Vermont,10/03/2021,4847
VT,Vermont,11/03/2021,5185
VT,Vermont,12/03/2021,5416
VT,Vermont,13/03/2021,6755
VT,Vermont,14/03/2021,5726
VT,Vermont,15/03/2021,5771
VT,Vermont,16/03/2021,5697
VA,Virginia,13/01/2021,27229
VA,Virginia,14/01/2021,13614
VA,Virginia,15/01/2021,17876
VA,Virginia,16/01/2021,18573
VA,Virginia,17/01/2021,18991
VA,Virginia,18/01/2021,19270
VA,Virginia,19/01/2021,19470
VA,Virginia,20/01/2021,17933
VA,Virginia,21/01/2021,20608
VA,Virginia,22/01/2021,22459
VA,Virginia,23/01/2021,23485
VA,Virginia,24/01/2021,23729
VA,Virginia,25/01/2021,25249
VA,Virginia,26/01/2021,38276
VA,Virginia,27/01/2021,40808
VA,Virginia,28/01/2021,43758
VA,Virginia,29/01/2021,46189
VA,Virginia,30/01/2021,50946
VA,Virginia,31/01/2021,54508
VA,Virginia,01/02/2021,55407
VA,Virginia,02/02/2021,43769
VA,Virginia,03/02/2021,41989
VA,Virginia,04/02/2021,40095
VA,Virginia,05/02/2021,38440
VA,Virginia,06/02/2021,38094
VA,Virginia,07/02/2021,38593
VA,Virginia,08/02/2021,37831
VA,Virginia,09/02/2021,37197
VA,Virginia,10/02/2021,37771
VA,Virginia,11/02/2021,39162
VA,Virginia,12/02/2021,40141
VA,Virginia,13/02/2021,39675
VA,Virginia,14/02/2021,35980
VA,Virginia,15/02/2021,36818
VA,Virginia,16/02/2021,38559
VA,Virginia,17/02/2021,38966
VA,Virginia,18/02/2021,40084
VA,Virginia,19/02/2021,52950
VA,Virginia,20/02/2021,48702
VA,Virginia,21/02/2021,50009
VA,Virginia,22/02/2021,48869
VA,Virginia,23/02/2021,47775
VA,Virginia,24/02/2021,49057
VA,Virginia,25/02/2021,49284
VA,Virginia,26/02/2021,39615
VA,Virginia,27/02/2021,47360
VA,Virginia,28/02/2021,54414
VA,Virginia,01/03/2021,57354
VA,Virginia,02/03/2021,57929
VA,Virginia,03/03/2021,59592
VA,Virginia,04/03/2021,62240
VA,Virginia,05/03/2021,59952
VA,Virginia,06/03/2021,55707
VA,Virginia,07/03/2021,51391
VA,Virginia,08/03/2021,49929
VA,Virginia,09/03/2021,54612
VA,Virginia,10/03/2021,56591
VA,Virginia,11/03/2021,57278
VA,Virginia,12/03/2021,58784
VA,Virginia,13/03/2021,62152
VA,Virginia,14/03/2021,63765
VA,Virginia,15/03/2021,66502
VA,Virginia,16/03/2021,61944
WA,Washington,13/01/2021,12671
WA,Washington,14/01/2021,14836
WA,Washington,15/01/2021,15680
WA,Washington,16/01/2021,16672
WA,Washington,17/01/2021,17267
WA,Washington,18/01/2021,17664
WA,Washington,19/01/2021,17948
WA,Washington,20/01/2021,19790
WA,Washington,21/01/2021,21169
WA,Washington,22/01/2021,22933
WA,Washington,23/01/2021,24963
WA,Washington,24/01/2021,23926
WA,Washington,25/01/2021,26748
WA,Washington,26/01/2021,26630
WA,Washington,27/01/2021,26811
WA,Washington,28/01/2021,28245
WA,Washington,29/01/2021,29134
WA,Washington,30/01/2021,29565
WA,Washington,31/01/2021,33566
WA,Washington,01/02/2021,33117
WA,Washington,02/02/2021,33451
WA,Washington,03/02/2021,33073
WA,Washington,04/02/2021,32318
WA,Washington,05/02/2021,31553
WA,Washington,06/02/2021,31975
WA,Washington,07/02/2021,31539
WA,Washington,08/02/2021,31046
WA,Washington,09/02/2021,29919
WA,Washington,10/02/2021,34713
WA,Washington,11/02/2021,34669
WA,Washington,12/02/2021,36081
WA,Washington,13/02/2021,36287
WA,Washington,14/02/2021,37336
WA,Washington,15/02/2021,35136
WA,Washington,16/02/2021,35726
WA,Washington,17/02/2021,30996
WA,Washington,18/02/2021,30817
WA,Washington,19/02/2021,40241
WA,Washington,20/02/2021,40779
WA,Washington,21/02/2021,39719
WA,Washington,22/02/2021,42211
WA,Washington,23/02/2021,41755
WA,Washington,24/02/2021,41214
WA,Washington,25/02/2021,43809
WA,Washington,26/02/2021,35285
WA,Washington,27/02/2021,37087
WA,Washington,28/02/2021,40672
WA,Washington,01/03/2021,45811
WA,Washington,02/03/2021,49655
WA,Washington,03/03/2021,53397
WA,Washington,04/03/2021,54350
WA,Washington,05/03/2021,55977
WA,Washington,06/03/2021,57804
WA,Washington,07/03/2021,59244
WA,Washington,08/03/2021,59036
WA,Washington,09/03/2021,59146
WA,Washington,10/03/2021,59317
WA,Washington,11/03/2021,62656
WA,Washington,12/03/2021,62964
WA,Washington,13/03/2021,61473
WA,Washington,14/03/2021,59802
WA,Washington,15/03/2021,58966
WA,Washington,16/03/2021,58644
WV,West Virginia,13/01/2021,7379
WV,West Virginia,14/01/2021,7665
WV,West Virginia,15/01/2021,10292
WV,West Virginia,16/01/2021,8872
WV,West Virginia,17/01/2021,8020
WV,West Virginia,18/01/2021,7452
WV,West Virginia,19/01/2021,7047
WV,West Virginia,20/01/2021,6845
WV,West Virginia,21/01/2021,6984
WV,West Virginia,22/01/2021,6651
WV,West Virginia,23/01/2021,8004
WV,West Virginia,24/01/2021,8493
WV,West Virginia,25/01/2021,7992
WV,West Virginia,26/01/2021,8262
WV,West Virginia,27/01/2021,8044
WV,West Virginia,28/01/2021,8151
WV,West Virginia,29/01/2021,8457
WV,West Virginia,30/01/2021,8794
WV,West Virginia,31/01/2021,8127
WV,West Virginia,01/02/2021,8048
WV,West Virginia,02/02/2021,7673
WV,West Virginia,03/02/2021,7591
WV,West Virginia,04/02/2021,7450
WV,West Virginia,05/02/2021,7408
WV,West Virginia,06/02/2021,8353
WV,West Virginia,07/02/2021,8896
WV,West Virginia,08/02/2021,9009
WV,West Virginia,09/02/2021,9030
WV,West Virginia,10/02/2021,9216
WV,West Virginia,11/02/2021,9147
WV,West Virginia,12/02/2021,8515
WV,West Virginia,13/02/2021,8749
WV,West Virginia,14/02/2021,9220
WV,West Virginia,15/02/2021,9532
WV,West Virginia,16/02/2021,9461
WV,West Virginia,17/02/2021,9062
WV,West Virginia,18/02/2021,8965
WV,West Virginia,19/02/2021,12741
WV,West Virginia,20/02/2021,11711
WV,West Virginia,21/02/2021,10990
WV,West Virginia,22/02/2021,10783
WV,West Virginia,23/02/2021,11000
WV,West Virginia,24/02/2021,11210
WV,West Virginia,25/02/2021,11715
WV,West Virginia,26/02/2021,8757
WV,West Virginia,27/02/2021,9710
WV,West Virginia,28/02/2021,9826
WV,West Virginia,01/03/2021,9780
WV,West Virginia,02/03/2021,9413
WV,West Virginia,03/03/2021,9568
WV,West Virginia,04/03/2021,9702
WV,West Virginia,05/03/2021,10366
WV,West Virginia,06/03/2021,9723
WV,West Virginia,07/03/2021,9878
WV,West Virginia,08/03/2021,9765
WV,West Virginia,09/03/2021,9973
WV,West Virginia,10/03/2021,9951
WV,West Virginia,11/03/2021,10386
WV,West Virginia,12/03/2021,11052
WV,West Virginia,13/03/2021,12176
WV,West Virginia,14/03/2021,11842
WV,West Virginia,15/03/2021,11953
WV,West Virginia,16/03/2021,11901
WI,Wisconsin,13/01/2021,0
WI,Wisconsin,14/01/2021,6351
WI,Wisconsin,15/01/2021,10850
WI,Wisconsin,16/01/2021,10868
WI,Wisconsin,17/01/2021,10880
WI,Wisconsin,18/01/2021,10887
WI,Wisconsin,19/01/2021,10892
WI,Wisconsin,20/01/2021,12177
WI,Wisconsin,21/01/2021,12686
WI,Wisconsin,22/01/2021,13003
WI,Wisconsin,23/01/2021,14986
WI,Wisconsin,24/01/2021,16663
WI,Wisconsin,25/01/2021,16186
WI,Wisconsin,26/01/2021,14943
WI,Wisconsin,27/01/2021,16147
WI,Wisconsin,28/01/2021,17594
WI,Wisconsin,29/01/2021,20864
WI,Wisconsin,30/01/2021,23517
WI,Wisconsin,31/01/2021,26110
WI,Wisconsin,01/02/2021,28216
WI,Wisconsin,02/02/2021,29134
WI,Wisconsin,03/02/2021,30379
WI,Wisconsin,04/02/2021,26714
WI,Wisconsin,05/02/2021,26898
WI,Wisconsin,06/02/2021,26856
WI,Wisconsin,07/02/2021,35924
WI,Wisconsin,08/02/2021,35695
WI,Wisconsin,09/02/2021,35326
WI,Wisconsin,10/02/2021,35504
WI,Wisconsin,11/02/2021,39623
WI,Wisconsin,12/02/2021,38475
WI,Wisconsin,13/02/2021,39698
WI,Wisconsin,14/02/2021,30412
WI,Wisconsin,15/02/2021,30043
WI,Wisconsin,16/02/2021,31768
WI,Wisconsin,17/02/2021,30827
WI,Wisconsin,18/02/2021,30553
WI,Wisconsin,19/02/2021,38988
WI,Wisconsin,20/02/2021,38929
WI,Wisconsin,21/02/2021,39315
WI,Wisconsin,22/02/2021,39824
WI,Wisconsin,23/02/2021,38279
WI,Wisconsin,24/02/2021,38605
WI,Wisconsin,25/02/2021,39149
WI,Wisconsin,26/02/2021,31793
WI,Wisconsin,27/02/2021,33258
WI,Wisconsin,28/02/2021,34279
WI,Wisconsin,01/03/2021,35514
WI,Wisconsin,02/03/2021,37365
WI,Wisconsin,03/03/2021,38650
WI,Wisconsin,04/03/2021,40300
WI,Wisconsin,05/03/2021,42401
WI,Wisconsin,06/03/2021,42845
WI,Wisconsin,07/03/2021,42786
WI,Wisconsin,08/03/2021,43428
WI,Wisconsin,09/03/2021,41608
WI,Wisconsin,10/03/2021,40936
WI,Wisconsin,11/03/2021,40802
WI,Wisconsin,12/03/2021,41145
WI,Wisconsin,13/03/2021,50069
WI,Wisconsin,14/03/2021,43257
WI,Wisconsin,15/03/2021,43283
WI,Wisconsin,16/03/2021,45496
WY,Wyoming,13/01/2021,1327
WY,Wyoming,14/01/2021,1654
WY,Wyoming,15/01/2021,2093
WY,Wyoming,16/01/2021,1902
WY,Wyoming,17/01/2021,1787
WY,Wyoming,18/01/2021,1710
WY,Wyoming,19/01/2021,1656
WY,Wyoming,20/01/2021,1645
WY,Wyoming,21/01/2021,1362
WY,Wyoming,22/01/2021,1686
WY,Wyoming,23/01/2021,1927
WY,Wyoming,24/01/2021,2200
WY,Wyoming,25/01/2021,2061
WY,Wyoming,26/01/2021,1897
WY,Wyoming,27/01/2021,2017
WY,Wyoming,28/01/2021,2017
WY,Wyoming,29/01/2021,2088
WY,Wyoming,30/01/2021,1658
WY,Wyoming,31/01/2021,2317
WY,Wyoming,01/02/2021,2509
WY,Wyoming,02/02/2021,2526
WY,Wyoming,03/02/2021,2479
WY,Wyoming,04/02/2021,2479
WY,Wyoming,05/02/2021,2607
WY,Wyoming,06/02/2021,3242
WY,Wyoming,07/02/2021,2119
WY,Wyoming,08/02/2021,2534
WY,Wyoming,09/02/2021,2491
WY,Wyoming,10/02/2021,2677
WY,Wyoming,11/02/2021,2677
WY,Wyoming,12/02/2021,3103
WY,Wyoming,13/02/2021,2469
WY,Wyoming,14/02/2021,3892
WY,Wyoming,15/02/2021,3312
WY,Wyoming,16/02/2021,3390
WY,Wyoming,17/02/2021,2953
WY,Wyoming,18/02/2021,3702
WY,Wyoming,19/02/2021,5025
WY,Wyoming,20/02/2021,5703
WY,Wyoming,21/02/2021,4339
WY,Wyoming,22/02/2021,5142
WY,Wyoming,23/02/2021,5140
WY,Wyoming,24/02/2021,5169
WY,Wyoming,25/02/2021,5160
WY,Wyoming,26/02/2021,3038
WY,Wyoming,27/02/2021,3218
WY,Wyoming,28/02/2021,3847
WY,Wyoming,01/03/2021,3015
WY,Wyoming,02/03/2021,2945
WY,Wyoming,03/03/2021,3793
WY,Wyoming,04/03/2021,3093
WY,Wyoming,05/03/2021,3019
WY,Wyoming,06/03/2021,3702
WY,Wyoming,07/03/2021,3091
WY,Wyoming,08/03/2021,4120
WY,Wyoming,09/03/2021,4148
WY,Wyoming,10/03/2021,3895
WY,Wyoming,11/03/2021,3911
WY,Wyoming,12/03/2021,4646
WY,Wyoming,13/03/2021,4085
WY,Wyoming,14/03/2021,4839
WY,Wyoming,15/03/2021,3846
WY,Wyoming,16/03/2021,4022
